Time_s,Mbits_Sent,Mbits_per_s,#Deflections,Max_Throughput
0.0,0.12144,3.33408,1,10
0.1,0.78384,4.49328,1,10
0.2,1.79952,5.37648,1,10
0.3,2.6496,6.348,1,10
0.4,3.33408,7.3416,1,10
0.5,4.49328,8.26896,1,10
0.6,5.37648,9.14112,1,10
0.7,6.348,9.428159999999998,1,10
0.8,7.3416,9.339839999999999,1,10
0.9,8.26896,9.50544,1,10
1.0,9.26256,9.7704,1,10
1.1,10.212,9.53856,1,10
1.2,11.13936,9.626880000000002,1,10
1.3,12.15504,9.626880000000002,1,10
1.4,13.10448,9.604800000000001,1,10
1.5,14.03184,9.604800000000001,1,10
1.6,15.00336,9.62688,1,10
1.7,15.97488,9.62688,1,10
1.8,16.9464,9.62688,1,10
1.9,17.87376,9.582720000000002,1,10
2.0,18.88944,9.626879999999998,1,10
2.1,19.83888,9.64896,1,10
2.2,20.76624,9.671039999999998,1,10
2.3,21.73776,9.64896,1,10
2.4,22.73136,9.62688,1,10
2.5,23.6808,9.648959999999999,1,10
2.6,24.6744,9.604800000000001,1,10
2.7,25.62384,9.62688,1,10
2.8,26.57328,9.671040000000001,1,10
2.9,27.52272,9.648959999999999,1,10
3.0,28.49424,9.604800000000001,1,10
3.1,29.46576,9.648959999999999,1,10
3.2,30.43728,9.604800000000004,1,10
3.3,31.38672,9.604799999999997,1,10
3.4,32.33616,9.648959999999999,1,10
3.5,33.32976,9.648960000000002,1,10
3.6,34.2792,9.648959999999999,1,10
3.7,35.22864,9.604800000000001,1,10
3.8,36.22224,9.62688,1,10
3.9,37.17168,9.604800000000001,1,10
4.0,38.1432,9.62688,1,10
4.1,39.07056,9.604799999999997,1,10
4.2,40.06416,9.62688,1,10
4.3,40.99152,9.62688,1,10
4.4,41.96304,9.604799999999997,1,10
4.5,42.93456,9.62688,1,10
4.6,43.90608,9.62688,1,10
4.7,44.85552,9.62688,1,10
4.8,45.82704,9.582720000000002,1,10
4.9,46.79856,9.604799999999997,1,10
5.0,47.77008,9.648960000000002,1,10
5.1,48.69744,9.604800000000004,1,10
5.2,49.64688,9.582719999999995,1,10
5.3,50.59632,9.648960000000002,1,10
5.4,51.612,9.62688,1,10
5.5,52.53936,9.582719999999995,1,10
5.6,53.4888,9.604799999999997,1,10
5.7,54.50448,9.62688,1,10
5.8,55.45392,9.306719999999999,1,10
5.9,56.38128,9.660000000000004,1,10
6.0,57.37488,9.57168,1,10
6.1,58.32432,9.637920000000001,1,10
6.2,58.9536,9.660000000000004,1,10
6.3,60.25632,9.593760000000003,1,10
6.4,61.18368,9.615840000000006,1,10
6.5,62.17728,9.637920000000001,1,10
6.6,63.1488,9.615839999999999,1,10
6.7,64.09824,9.615840000000006,1,10
6.8,65.06976,9.936,1,10
6.9,66.0192,9.604799999999997,1,10
7.0,66.99072,9.671039999999998,1,10
7.1,67.94016,9.626879999999993,1,10
7.2,68.8896,9.626879999999993,1,10
7.3,69.86112,9.62688,1,10
7.4,70.85472,9.582719999999995,1,10
7.5,71.80416,9.62688,1,10
7.6,72.77568,9.604799999999997,1,10
7.7,73.72512,9.62688,1,10
7.8,74.65248,9.62688,1,10
7.9,75.64608,9.648960000000002,1,10
8.0,76.59552,9.62688,1,10
8.1,77.56704,9.582720000000009,1,10
8.2,78.51648,9.582720000000009,1,10
8.3,79.51008,9.62688,1,10
8.4,80.4816,9.62688,1,10
8.5,81.38688,9.648960000000002,1,10
8.6,82.3584,9.62688,1,10
8.7,83.352,9.62688,1,10
8.8,84.27936,9.62688,1,10
8.9,85.29504,9.604799999999997,1,10
9.0,86.2224,9.604799999999997,1,10
9.1,87.19392,9.648959999999988,1,10
9.2,88.14336,9.648960000000002,1,10
9.3,89.11488,9.604799999999997,1,10
9.4,90.0864,9.648960000000002,1,10
9.5,91.03584,9.604799999999997,1,10
9.6,92.00736,9.648960000000002,1,10
9.7,92.9568,9.62688,1,10
9.8,93.92832,9.62688,1,10
9.9,94.89984,9.62688,1,10
10.0,95.87136,9.648960000000002,1,10
10.1,96.8208,9.604800000000012,1,10
10.2,97.77024,9.648959999999988,1,10
10.3,98.74176,9.604799999999997,1,10
10.4,99.73536,9.648960000000002,1,10
10.5,100.64064,9.604799999999997,1,10
10.6,101.65632,9.582720000000009,1,10
10.7,102.5616,9.62688,1,10
10.8,103.57728,9.604799999999997,1,10
10.9,104.50464,9.62688,1,10
11.0,105.45408,9.560640000000006,1,10
11.1,106.44768,9.648959999999988,1,10
11.2,107.37504,9.582720000000009,1,10
11.3,108.36864,9.671040000000005,1,10
11.4,109.296,9.582719999999995,1,10
11.5,110.2896,9.648960000000002,1,10
11.6,111.23904,9.62688,1,10
11.7,112.23264,9.648959999999988,1,10
11.8,113.16,9.648960000000002,1,10
11.9,114.1536,9.648960000000002,1,10
12.0,115.08096,9.62688,1,10
12.1,116.09664,9.604800000000012,1,10
12.2,117.024,9.62688,1,10
12.3,118.0176,9.604799999999997,1,10
12.4,118.92288,9.62688,1,10
12.5,119.8944,9.604799999999997,1,10
12.6,120.86592,9.67103999999999,1,10
12.7,121.83744,9.604800000000012,1,10
12.8,122.78688,9.604799999999997,1,10
12.9,123.7584,9.62688,1,10
13.0,124.752,9.626879999999986,1,10
13.1,125.70144,9.67103999999999,1,10
13.2,126.6288,9.604799999999997,1,10
13.3,127.64448,9.626879999999986,1,10
13.4,128.54976,9.62688,1,10
13.5,129.56544,9.604800000000012,1,10
13.6,130.47072,9.626880000000014,1,10
13.7,131.46432,9.626879999999986,1,10
13.8,132.41376,9.019680000000008,1,10
13.9,133.3632,9.582720000000009,1,10
14.0,134.37888,9.648960000000017,1,10
14.1,135.32832,9.582719999999995,1,10
14.2,135.64848,9.671040000000005,1,10
14.3,137.2272,9.604800000000012,1,10
14.4,138.19872,9.648960000000017,1,10
14.5,139.14816,9.62688,1,10
14.6,140.14176,9.604799999999983,1,10
14.7,141.06912,9.62688,1,10
14.8,142.06272,10.278239999999983,1,10
14.9,142.99008,9.604799999999983,1,10
15.0,143.98368,9.604799999999983,1,10
15.1,144.9552,9.62688,1,10
15.2,145.92672,9.62688,1,10
15.3,146.832,9.62688,1,10
15.4,147.80352,9.604799999999983,1,10
15.5,148.77504,9.648959999999988,1,10
15.6,149.76864,9.582719999999995,1,10
15.7,150.696,9.62688,1,10
15.8,151.66752,9.560640000000006,1,10
15.9,152.63904,9.648960000000017,1,10
16.0,153.5664,9.604800000000012,1,10
16.1,154.58208,9.604800000000012,1,10
16.2,155.48736,9.604799999999983,1,10
16.3,156.48096,9.604800000000012,1,10
16.4,157.40832,9.62688,1,10
16.5,158.37984,9.648960000000017,1,10
16.6,159.37344,9.671040000000005,1,10
16.7,160.3008,9.62688,1,10
16.8,161.2944,9.648960000000017,1,10
16.9,162.288,9.62688,1,10
17.0,163.23744,9.693119999999993,1,10
17.1,164.20896,9.671040000000005,1,10
17.2,165.13632,9.604800000000012,1,10
17.3,166.10784,9.648959999999988,1,10
17.4,167.10144,9.62688,1,10
17.5,168.05088,9.582719999999995,1,10
17.6,168.97824,9.604800000000012,1,10
17.7,169.94976,9.560640000000006,1,10
17.8,170.92128,9.648959999999988,1,10
17.9,171.87072,9.648959999999988,1,10
18.0,172.84224,9.582719999999995,1,10
18.1,173.7696,9.62688,1,10
18.2,174.78528,9.604800000000012,1,10
18.3,175.7568,9.62688,1,10
18.4,176.68416,9.62688,1,10
18.5,177.67776,9.62688,1,10
18.6,178.58304,9.604799999999983,1,10
18.7,179.57664,9.648960000000017,1,10
18.8,180.54816,9.62688,1,10
18.9,181.4976,9.604800000000012,1,10
19.0,182.44704,9.604800000000012,1,10
19.1,183.41856,9.582719999999995,1,10
19.2,184.41216,9.648959999999988,1,10
19.3,185.3616,9.62688,1,10
19.4,186.28896,9.62688,1,10
19.5,187.26048,9.62688,1,10
19.6,188.232,9.62688,1,10
19.7,189.20352,9.62688,1,10
19.8,190.17504,9.62688,1,10
19.9,191.12448,9.604799999999983,1,10
20.0,192.07392,9.671040000000005,1,10
20.1,193.04544,9.671040000000005,1,10
20.2,194.03904,9.648959999999988,1,10
20.3,194.9664,9.62688,1,10
20.4,195.96,9.62688,1,10
20.5,196.93152,9.62688,1,10
20.6,197.88096,9.648960000000017,1,10
20.7,198.8304,9.62688,1,10
20.8,199.80192,9.62688,1,10
20.9,200.75136,9.648960000000017,1,10
21.0,201.72288,9.62688,1,10
21.1,202.67232,9.582719999999995,1,10
21.2,203.66592,9.604800000000012,1,10
21.3,204.61536,9.648960000000017,1,10
21.4,205.58688,9.604800000000012,1,10
21.5,206.51424,9.62688,1,10
21.6,207.48576,9.604799999999983,1,10
21.7,208.47936,9.063839999999999,1,10
21.8,209.40672,9.615839999999992,1,10
21.9,210.37824,9.593760000000003,1,10
22.0,211.32768,9.593760000000003,1,10
22.1,211.73616,9.637920000000008,1,10
22.2,213.28176,9.593760000000003,1,10
22.3,214.20912,9.615839999999992,1,10
22.4,215.18064,9.615839999999992,1,10
22.5,216.15216,9.615839999999992,3,30
22.6,217.07952,9.61584000000002,3,30
22.7,218.0952,10.156799999999976,3,30
22.8,219.02256,9.62688,3,30
22.9,219.99408,9.62688,3,30
23.0,220.94352,9.62688,3,30
23.1,221.89296,9.62688,3,30
23.2,222.90864,9.648959999999988,3,30
23.3,223.836,9.582719999999995,3,30
23.4,224.80752,9.62688,3,30
23.5,225.77904,9.604800000000012,3,30
23.6,226.72848,9.648959999999988,3,30
23.7,227.67792,9.671040000000005,3,30
23.8,228.64944,9.582719999999995,3,30
23.9,229.59888,9.62688,3,30
24.0,230.59248,9.62688,3,30
24.1,231.564,9.62688,3,30
24.2,232.49136,9.604800000000012,3,30
24.3,233.46288,9.62688,3,30
24.4,234.4344,9.648959999999988,3,30
24.5,235.40592,9.62688,3,30
24.6,236.33328,9.62688,3,30
24.7,237.3048,9.604800000000012,3,30
24.8,238.2984,9.62688,3,30
24.9,239.22576,9.648959999999988,3,30
25.0,240.21936,9.62688,3,30
25.1,241.1688,9.604799999999983,3,30
25.2,242.11824,9.648959999999988,3,30
25.3,243.11184,9.62688,3,30
25.4,244.06128,9.604800000000012,3,30
25.5,245.01072,9.62688,3,30
25.6,245.98224,9.604800000000012,3,30
25.7,246.93168,9.604799999999983,3,30
25.8,247.9032,9.648960000000017,3,30
25.9,248.85264,9.604800000000012,3,30
26.0,249.82416,9.582719999999995,3,30
26.1,250.7736,9.648960000000017,3,30
26.2,251.7672,9.62688,3,30
26.3,252.71664,9.62688,3,30
26.4,253.644,9.648960000000017,3,30
26.5,254.65968,9.604800000000012,3,30
26.6,255.60912,9.648959999999988,3,30
26.7,256.55856,9.604800000000012,3,30
26.8,257.55216,9.604800000000012,3,30
26.9,258.45744,9.64895999999996,3,30
27.0,259.47312,9.671040000000005,3,30
27.1,260.3784,9.582719999999966,3,30
27.2,261.372,9.604799999999983,3,30
27.3,262.3656,9.604800000000012,3,30
27.4,263.31504,9.626879999999971,3,30
27.5,264.2424,9.648959999999988,3,30
27.6,265.21392,9.582719999999995,3,30
27.7,266.16336,9.626880000000028,3,30
27.8,267.17904,9.648959999999988,3,30
27.9,268.1064,9.560640000000035,3,30
28.0,269.05584,9.604800000000012,3,30
28.1,270.00528,9.671040000000005,3,30
28.2,271.02096,9.626880000000028,3,30
28.3,271.92624,9.648959999999988,3,30
28.4,272.91984,9.604800000000012,3,30
28.5,273.91344,9.648959999999988,3,30
28.6,274.8408,9.648959999999988,3,30
28.7,275.81232,9.648959999999988,3,30
28.8,276.78384,9.626879999999971,3,30
28.9,277.75536,9.648959999999988,3,30
29.0,278.7048,9.648959999999988,3,30
29.1,279.65424,9.626880000000028,3,30
29.2,280.64784,9.626879999999971,3,30
29.3,281.5752,9.626880000000028,3,30
29.4,282.5688,9.582719999999995,3,30
29.5,283.54032,9.626880000000028,3,30
29.6,284.46768,9.604800000000012,3,30
29.7,285.4392,9.350879999999961,3,30
29.8,286.36656,9.615840000000048,3,30
29.9,287.38224,9.660000000000025,3,30
30.0,288.3096,9.615839999999992,3,30
30.1,289.00512,9.615839999999992,3,30
30.2,290.26368,9.637920000000008,3,30
30.3,291.2352,9.637919999999951,3,30
30.4,292.18464,9.660000000000025,3,30
30.5,293.15616,9.571679999999958,3,30
30.6,294.1056,9.660000000000025,3,30
30.7,295.07712,9.913920000000019,3,30
30.8,296.02656,9.604799999999955,3,30
30.9,296.95392,9.604799999999955,3,30
31.0,297.9696,9.604800000000012,3,30
31.1,298.91904,9.582719999999995,3,30
31.2,299.86848,9.648960000000045,3,30
31.3,300.84,9.604800000000012,3,30
31.4,301.78944,9.604799999999955,3,30
31.5,302.73888,9.648960000000045,3,30
31.6,303.75456,9.604800000000012,3,30
31.7,304.68192,9.604800000000012,3,30
31.8,305.63136,9.626880000000028,3,30
31.9,306.60288,9.604800000000012,3,30
32.0,307.5744,9.604800000000012,3,30
32.1,308.52384,9.648959999999988,3,30
32.2,309.49536,9.560639999999978,3,30
32.3,310.4448,9.626880000000028,3,30
32.4,311.39424,9.671040000000005,3,30
32.5,312.38784,9.626879999999971,3,30
32.6,313.3152,9.604799999999955,3,30
32.7,314.3088,9.604800000000012,3,30
32.8,315.3024,9.604800000000012,3,30
32.9,316.22976,9.648959999999988,3,30
33.0,317.1792,9.671039999999948,3,30
33.1,318.12864,9.626880000000028,3,30
33.2,319.10016,9.671040000000005,3,30
33.3,320.09376,9.626879999999971,3,30
33.4,321.06528,9.582719999999995,3,30
33.5,322.01472,9.626880000000028,3,30
33.6,322.98624,9.648960000000045,3,30
33.7,323.93568,9.671040000000005,3,30
33.8,324.88512,9.671040000000005,3,30
33.9,325.85664,9.604800000000012,3,30
34.0,326.82816,9.626880000000028,3,30
34.1,327.79968,9.604800000000012,3,30
34.2,328.7712,9.604800000000012,3,30
34.3,329.69856,9.604800000000012,3,30
34.4,330.69216,9.626880000000028,3,30
34.5,331.61952,9.648959999999988,3,30
34.6,332.59104,9.604799999999955,3,30
34.7,333.54048,9.626879999999971,3,30
34.8,334.512,9.604799999999955,3,30
34.9,335.5056,9.626880000000028,3,30
35.0,336.43296,9.604800000000012,3,30
35.1,337.42656,9.648959999999988,3,30
35.2,338.376,9.626879999999971,3,30
35.3,339.32544,9.648959999999988,3,30
35.4,340.29696,9.626879999999971,3,30
35.5,341.26848,9.560639999999978,3,30
35.6,342.21792,9.626880000000028,3,30
35.7,343.18944,9.582719999999995,3,30
35.8,344.13888,9.604800000000012,3,30
35.9,345.06624,9.648959999999988,3,30
36.0,346.05984,9.648959999999988,3,30
36.1,347.00928,9.604800000000012,3,30
36.2,347.9808,9.626880000000028,3,30
36.3,348.9744,9.582719999999995,3,30
36.4,349.94592,9.648960000000045,3,30
36.5,350.87328,9.648959999999988,3,30
36.6,351.8448,9.648959999999988,3,30
36.7,352.77216,9.626880000000028,3,30
36.8,353.78784,9.604800000000012,3,30
36.9,354.7152,9.626879999999971,3,30
37.0,355.7088,9.604800000000012,3,30
37.1,356.63616,9.604799999999955,3,30
37.2,357.5856,9.604799999999955,3,30
37.3,358.60128,9.671040000000005,3,30
37.4,359.55072,9.604799999999955,3,30
37.5,360.47808,9.604800000000012,3,30
37.6,361.4496,9.604800000000012,3,30
37.7,362.4432,9.626879999999971,3,30
37.8,363.39264,9.395039999999995,3,30
37.9,364.32,9.273600000000044,3,30
38.0,365.3136,9.604800000000012,3,30
38.1,366.26304,9.648960000000045,3,30
38.2,366.98064,9.648960000000045,3,30
38.3,367.87488,9.626880000000028,3,30
38.4,369.15552,9.582720000000052,3,30
38.5,370.12704,9.648959999999988,3,30
38.6,371.09856,9.604800000000012,3,30
38.7,372.07008,9.626880000000028,3,30
38.8,372.97536,9.880800000000022,3,30
38.9,373.96896,9.935999999999979,3,30
39.0,374.9184,9.648959999999988,3,30
39.1,375.88992,9.648959999999988,3,30
39.2,376.86144,9.604799999999955,3,30
39.3,377.81088,9.626879999999971,3,30
39.4,378.80448,9.648959999999988,3,30
39.5,379.776,9.626880000000028,3,30
39.6,380.70336,9.671040000000005,3,30
39.7,381.69696,9.626879999999971,3,30
39.8,382.62432,9.626879999999971,3,30
39.9,383.59584,9.626880000000028,3,30
40.0,384.58944,9.604800000000012,3,30
40.1,385.5168,9.582719999999995,3,30
40.2,386.48832,9.626880000000028,3,30
40.3,387.43776,9.582719999999995,3,30
40.4,388.40928,9.626879999999971,3,30
40.5,389.35872,9.626879999999971,3,30
40.6,390.33024,9.582719999999995,3,30
40.7,391.27968,9.626880000000028,3,30
40.8,392.2512,9.626880000000028,3,30
40.9,393.22272,9.626879999999971,3,30
41.0,394.17216,9.626879999999971,3,30
41.1,395.14368,9.626879999999971,3,30
41.2,396.1152,9.648959999999988,3,30
41.3,397.06464,9.671040000000005,3,30
41.4,398.03616,9.648960000000045,3,30
41.5,398.9856,9.626880000000028,3,30
41.6,399.9792,9.604799999999955,3,30
41.7,400.95072,9.626879999999971,3,30
41.8,401.90016,9.582719999999995,3,30
41.9,402.8496,9.626880000000028,3,30
42.0,403.77696,9.604800000000012,3,30
42.1,404.77056,9.626880000000028,3,30
42.2,405.69792,9.626880000000028,3,30
42.3,406.69152,9.582719999999995,3,30
42.4,407.64096,9.626879999999971,3,30
42.5,408.61248,9.604800000000012,3,30
42.6,409.60608,9.648960000000045,3,30
42.7,410.53344,9.648959999999988,3,30
42.8,411.52704,9.648959999999988,3,30
42.9,412.4544,9.626879999999971,3,30
43.0,413.42592,9.626879999999971,3,30
43.1,414.41952,9.626879999999971,3,30
43.2,415.34688,9.582719999999995,3,30
43.3,416.3184,9.604800000000012,3,30
43.4,417.26784,9.582719999999995,3,30
43.5,418.23936,9.626879999999971,3,30
43.6,419.1888,9.626879999999971,3,30
43.7,420.13824,9.582719999999995,3,30
43.8,421.10976,9.626880000000028,3,30
43.9,422.08128,9.626880000000028,3,30
44.0,423.0528,9.648960000000045,3,30
44.1,424.00224,9.626880000000028,3,30
44.2,424.97376,9.648959999999988,3,30
44.3,425.94528,9.648959999999988,3,30
44.4,426.9168,9.626880000000028,3,30
44.5,427.86624,9.604800000000012,3,30
44.6,428.83776,9.626880000000028,3,30
44.7,429.7872,9.648960000000045,3,30
44.8,430.73664,9.626879999999971,3,30
44.9,431.68608,9.604799999999955,3,30
45.0,432.67968,9.604799999999955,3,30
45.1,433.6512,9.648959999999988,3,30
45.2,434.60064,9.604800000000012,3,30
45.3,435.55008,9.626880000000028,3,30
45.4,436.5216,9.626879999999971,3,30
45.5,437.5152,9.671040000000005,3,30
45.6,438.44256,9.582719999999995,3,30
45.7,439.41408,9.604799999999955,3,30
45.8,440.36352,9.549599999999998,3,30
45.9,441.35712,9.648960000000045,3,30
46.0,442.2624,9.648960000000045,3,30
46.1,443.256,9.604800000000012,3,30
46.2,444.15024,9.626879999999971,3,30
46.3,445.19904,9.604800000000012,3,30
46.4,446.17056,9.626880000000028,3,30
46.5,447.12,9.626879999999971,3,30
46.6,448.06944,9.671040000000005,3,30
46.7,449.01888,9.626880000000028,3,30
46.8,449.9904,9.682079999999985,3,30
46.9,450.984,9.626879999999971,2,20
47.0,451.93344,9.604799999999955,2,20
47.1,452.88288,9.604800000000012,2,20
47.2,453.83232,9.626880000000028,2,20
47.3,454.82592,9.604799999999955,2,20
47.4,455.77536,9.648959999999988,2,20
47.5,456.7248,9.626880000000028,2,20
47.6,457.69632,9.604799999999955,2,20
47.7,458.62368,9.626880000000028,2,20
47.8,459.63936,9.671040000000005,2,20
47.9,460.61088,9.626880000000028,2,20
48.0,461.53824,9.626880000000028,2,20
48.1,462.50976,9.626879999999971,2,20
48.2,463.50336,9.648959999999988,2,20
48.3,464.4528,9.626880000000028,2,20
48.4,465.40224,9.582719999999995,2,20
48.5,466.35168,9.582719999999995,2,20
48.6,467.34528,9.626880000000028,2,20
48.7,468.25056,9.604799999999955,2,20
48.8,469.22208,9.582719999999995,2,20
48.9,470.1936,9.582719999999995,2,20
49.0,471.16512,9.648959999999988,2,20
49.1,472.11456,9.626880000000028,2,20
49.2,473.08608,9.626879999999971,2,20
49.3,474.03552,9.648959999999988,2,20
49.4,475.0512,9.671040000000005,2,20
49.5,475.97856,9.648959999999988,2,20
49.6,476.97216,9.648959999999988,2,20
49.7,477.89952,9.626880000000028,2,20
49.8,478.89312,9.626880000000028,2,20
49.9,479.84256,9.648959999999988,2,20
50.0,480.81408,9.582719999999995,2,20
50.1,481.74144,9.648959999999988,2,20
50.2,482.71296,9.560640000000035,2,20
50.3,483.68448,9.626880000000028,2,20
50.4,484.63392,9.626879999999971,2,20
50.5,485.62752,9.604800000000012,2,20
50.6,486.5328,9.604800000000012,2,20
50.7,487.5264,9.626879999999971,2,20
50.8,488.52,9.626879999999971,2,20
50.9,489.44736,9.582719999999995,2,20
51.0,490.41888,9.626880000000028,2,20
51.1,491.36832,9.582719999999995,2,20
51.2,492.33984,9.671040000000005,2,20
51.3,493.2672,9.648959999999988,2,20
51.4,494.2608,9.560640000000035,2,20
51.5,495.21024,9.604800000000012,2,20
51.6,496.20384,9.626879999999971,2,20
51.7,497.17536,9.626880000000028,2,20
51.8,498.08064,9.604800000000012,2,20
51.9,499.05216,9.648959999999988,2,20
52.0,500.04576,9.648959999999988,2,20
52.1,500.9952,9.671040000000005,2,20
52.2,501.94464,9.604800000000012,2,20
52.3,502.91616,9.626879999999971,2,20
52.4,503.90976,9.648959999999988,2,20
52.5,504.88128,9.648959999999988,2,20
52.6,505.80864,9.604800000000012,2,20
52.7,506.80224,9.626879999999971,2,20
52.8,507.7296,9.626880000000028,2,20
52.9,508.70112,9.626880000000028,2,20
53.0,509.65056,9.626880000000028,2,20
53.1,510.62208,9.582720000000052,2,20
53.2,511.57152,9.648959999999931,2,20
53.3,512.54304,9.560640000000035,2,20
53.4,513.53664,9.648959999999988,2,20
53.5,514.464,9.648960000000045,2,20
53.6,515.4576,9.648960000000045,2,20
53.7,516.36288,9.604800000000068,2,20
53.8,517.37856,9.626879999999971,2,20
53.9,518.35008,8.909279999999967,2,20
54.0,519.29952,9.626879999999915,2,20
54.1,520.22688,9.626879999999915,2,20
54.2,521.1984,9.582719999999995,2,20
54.3,521.45232,9.671039999999948,2,20
54.4,523.16352,9.604799999999955,2,20
54.5,524.09088,9.604799999999955,2,20
54.6,525.04032,9.626879999999915,2,20
54.7,526.03392,9.671039999999948,2,20
54.8,526.98336,9.604799999999955,2,20
54.9,527.95488,10.344479999999976,2,20
55.0,528.9264,9.626880000000028,2,20
55.1,529.89792,9.604800000000068,2,20
55.2,530.8032,9.648960000000102,2,20
55.3,531.7968,9.604800000000068,2,20
55.4,532.7904,9.648960000000102,2,20
55.5,533.69568,9.648959999999988,2,20
55.6,534.68928,9.604800000000068,2,20
55.7,535.63872,9.560640000000035,2,20
55.8,536.63232,9.671040000000062,2,20
55.9,537.60384,9.648959999999988,2,20
56.0,538.5312,9.582719999999995,2,20
56.1,539.45856,9.648959999999988,2,20
56.2,540.47424,9.648959999999988,2,20
56.3,541.44576,9.648959999999988,2,20
56.4,542.37312,9.582719999999995,2,20
56.5,543.34464,9.604799999999955,2,20
56.6,544.33824,9.626880000000028,2,20
56.7,545.28768,9.693120000000022,2,20
56.8,546.21504,9.582719999999995,2,20
56.9,547.20864,9.604800000000068,2,20
57.0,548.15808,9.626880000000028,2,20
57.1,549.15168,9.626880000000028,2,20
57.2,550.05696,9.560639999999921,2,20
57.3,551.05056,9.582719999999995,2,20
57.4,552.0,9.648959999999988,2,20
57.5,552.97152,9.604800000000068,2,20
57.6,553.89888,9.648959999999988,2,20
57.7,554.8704,9.604799999999955,2,20
57.8,555.864,9.671039999999948,2,20
57.9,556.81344,9.648959999999988,2,20
58.0,557.80704,9.626880000000028,2,20
58.1,558.75648,9.648959999999988,2,20
58.2,559.728,9.648959999999988,2,20
58.3,560.69952,9.648959999999988,2,20
58.4,561.62688,9.626879999999915,2,20
58.5,562.62048,9.626880000000028,2,20
58.6,563.54784,9.582719999999995,2,20
58.7,564.51936,9.604799999999955,2,20
58.8,565.49088,9.604800000000068,2,20
58.9,566.44032,9.582719999999995,2,20
59.0,567.38976,9.648959999999988,2,20
59.1,568.36128,9.604799999999955,2,20
59.2,569.3328,9.604800000000068,2,20
59.3,570.28224,9.648959999999988,2,20
59.4,571.27584,9.604800000000068,2,20
59.5,572.22528,9.604799999999955,2,20
59.6,573.15264,9.604799999999955,2,20
59.7,574.16832,9.604800000000068,2,20
59.8,575.09568,9.626880000000028,2,20
59.9,576.04512,9.626880000000028,2,20
60.0,576.99456,9.626880000000028,2,20
60.1,577.96608,9.604799999999955,2,20
60.2,578.95968,9.671039999999948,2,20
60.3,579.90912,9.604799999999955,2,20
60.4,580.90272,9.604799999999955,2,20
60.5,581.83008,9.626880000000028,2,20
60.6,582.82368,9.671040000000062,2,20
60.7,583.77312,9.648959999999988,2,20
60.8,584.70048,9.626879999999915,2,20
60.9,585.672,9.604799999999955,2,20
61.0,586.6656,9.582719999999995,2,20
61.1,587.61504,9.626880000000028,2,20
61.2,588.58656,9.626880000000028,2,20
61.3,589.51392,9.626880000000028,2,20
61.4,590.48544,9.648959999999988,2,20
61.5,591.45696,9.671039999999948,2,20
61.6,592.45056,9.604799999999955,2,20
61.7,593.4,9.648959999999988,2,20
61.8,594.34944,9.108000000000061,2,20
61.9,595.34304,9.648959999999988,2,20
62.0,596.2704,9.648959999999988,2,20
62.1,597.264,9.648959999999988,2,20
62.2,597.69456,9.604799999999955,2,20
62.3,599.16288,9.626880000000028,2,20
62.4,600.1344,9.626880000000028,2,20
62.5,601.10592,9.604800000000068,2,20
62.6,602.05536,9.626880000000028,2,20
62.7,603.02688,9.582719999999995,2,20
62.8,603.97632,10.123679999999922,2,20
62.9,604.94784,9.648959999999988,2,20
63.0,605.89728,9.604799999999955,2,20
63.1,606.84672,9.604800000000068,2,20
63.2,607.81824,9.604800000000068,2,20
63.3,608.81184,9.626880000000028,2,20
63.4,609.7392,9.604800000000068,2,20
63.5,610.71072,9.604799999999955,2,20
63.6,611.66016,9.648959999999988,2,20
63.7,612.65376,9.648959999999988,2,20
63.8,613.58112,9.648960000000102,2,20
63.9,614.55264,9.582719999999995,2,20
64.0,615.54624,9.626880000000028,2,20
64.1,616.49568,9.648959999999988,2,20
64.2,617.4672,9.626880000000028,2,20
64.3,618.39456,9.582719999999995,2,20
64.4,619.36608,9.648959999999988,2,20
64.5,620.35968,9.648959999999988,2,20
64.6,621.28704,9.560640000000035,2,20
64.7,622.23648,9.582719999999995,2,20
64.8,623.23008,9.626879999999915,2,20
64.9,624.2016,9.648959999999988,2,20
65.0,625.10688,9.648959999999988,2,20
65.1,626.0784,9.582719999999995,2,20
65.2,627.09408,9.626879999999915,2,20
65.3,628.04352,9.648959999999988,2,20
65.4,629.01504,9.626879999999915,2,20
65.5,629.9424,9.626880000000028,2,20
65.6,630.91392,9.648959999999988,2,20
65.7,631.88544,9.648959999999988,2,20
65.8,632.85696,9.626880000000028,2,20
65.9,633.82848,9.582720000000108,2,20
66.0,634.75584,9.626880000000028,2,20
66.1,635.72736,9.648959999999988,2,20
66.2,636.72096,9.604800000000068,2,20
66.3,637.62624,9.604799999999955,2,20
66.4,638.64192,9.626880000000028,2,20
66.5,639.59136,9.582719999999995,2,20
66.6,640.51872,9.648959999999988,2,20
66.7,641.49024,9.626880000000028,2,20
66.8,642.48384,9.626880000000028,2,20
66.9,643.4112,9.648959999999988,2,20
67.0,644.4048,9.604799999999955,2,20
67.1,645.35424,9.604799999999955,2,20
67.2,646.34784,9.671039999999948,2,20
67.3,647.2752,9.626880000000028,2,20
67.4,648.24672,9.582719999999995,2,20
67.5,649.19616,9.626880000000028,2,20
67.6,650.18976,9.604799999999955,2,20
67.7,651.11712,9.626880000000028,2,20
67.8,652.06656,9.604799999999955,2,20
67.9,653.03808,9.626879999999915,2,20
68.0,654.0096,9.604800000000068,2,20
68.1,654.98112,9.648959999999988,2,20
68.2,655.95264,9.604800000000068,2,20
68.3,656.90208,9.604799999999955,2,20
68.4,657.85152,9.671040000000062,2,20
68.5,658.84512,9.626879999999915,2,20
68.6,659.79456,9.626880000000028,2,20
68.7,660.72192,9.626879999999915,2,20
68.8,661.7376,9.582719999999995,2,20
68.9,662.66496,9.604800000000068,2,20
69.0,663.63648,9.626879999999915,2,20
69.1,664.608,9.604800000000068,2,20
69.2,665.53536,9.648959999999988,2,20
69.3,666.50688,9.648960000000102,2,20
69.4,667.4784,9.626879999999915,2,20
69.5,668.44992,9.648960000000102,2,20
69.6,669.44352,9.604799999999955,2,20
69.7,670.37088,9.648960000000102,2,20
69.8,671.36448,9.671040000000062,2,20
69.9,672.31392,8.909279999999967,2,20
70.0,673.24128,9.505440000000021,2,20
70.1,674.25696,9.041759999999954,2,20
70.2,675.2064,8.666399999999953,2,20
70.3,675.41616,8.357279999999946,2,20
70.4,676.98384,8.048160000000053,2,20
70.5,677.49168,7.805279999999925,2,20
70.6,678.10992,7.606560000000059,2,20
70.7,678.72816,7.319519999999898,2,20
70.8,679.41264,7.142879999999991,2,20
70.9,680.1192,7.794240000000059,2,20
71.0,680.84784,7.021439999999984,2,20
71.1,681.57648,7.396799999999985,2,20
71.2,682.34928,7.683840000000032,2,20
71.3,683.2104,7.9708799999999655,2,20
71.4,684.00528,8.23583999999994,2,20
71.5,684.88848,8.456639999999993,2,20
71.6,685.79376,8.721599999999967,2,20
71.7,686.69904,8.986560000000054,2,20
71.8,687.64848,9.16319999999996,2,20
71.9,688.57584,9.273599999999988,2,20
72.0,689.56944,9.428160000000048,2,20
72.1,690.56304,9.494400000000041,2,20
72.2,691.51248,9.516480000000001,2,20
72.3,692.484,9.604800000000068,2,20
72.4,693.43344,9.604800000000068,2,20
72.5,694.38288,9.626880000000028,2,20
72.6,695.31024,9.648959999999988,2,20
72.7,696.30384,9.582719999999995,2,20
72.8,697.25328,9.604800000000068,2,20
72.9,698.20272,9.626879999999915,2,20
73.0,699.2184,9.604799999999955,2,20
73.1,700.14576,9.582719999999995,2,20
73.2,701.11728,9.648959999999988,2,20
73.3,702.11088,9.648959999999988,2,20
73.4,703.03824,9.604799999999955,2,20
73.5,703.9656,9.648959999999988,2,20
73.6,704.9592,9.604800000000068,2,20
73.7,705.9528,9.648959999999988,2,20
73.8,706.85808,9.604799999999955,2,20
73.9,707.85168,9.582719999999995,2,20
74.0,708.8232,9.604800000000068,2,20
74.1,709.79472,9.648959999999988,2,20
74.2,710.72208,9.648959999999988,2,20
74.3,711.6936,9.626880000000028,2,20
74.4,712.64304,9.648959999999988,2,20
74.5,713.61456,9.648959999999988,2,20
74.6,714.60816,9.626879999999915,2,20
74.7,715.57968,9.582719999999995,2,20
74.8,716.50704,9.626880000000028,2,20
74.9,717.50064,9.626880000000028,2,20
75.0,718.45008,9.648959999999988,2,20
75.1,719.37744,9.626880000000028,2,20
75.2,720.34896,9.626880000000028,2,20
75.3,721.32048,9.604799999999955,2,20
75.4,722.292,9.648959999999988,2,20
75.5,723.24144,9.582719999999995,2,20
75.6,724.23504,9.626880000000028,2,20
75.7,725.18448,9.648959999999988,2,20
75.8,726.156,9.626879999999915,2,20
75.9,727.08336,9.626880000000028,2,20
76.0,728.07696,9.648959999999988,2,20
76.1,729.0264,9.626880000000028,2,20
76.2,729.97584,9.626880000000028,2,20
76.3,730.94736,9.604799999999955,2,20
76.4,731.94096,9.604800000000068,2,20
76.5,732.86832,9.671040000000062,3,30
76.6,733.86192,9.604800000000068,3,30
76.7,734.78928,9.604800000000068,3,30
76.8,735.7608,9.626880000000028,3,30
76.9,736.7544,9.626880000000028,3,30
77.0,737.68176,9.560640000000035,3,30
77.1,738.6312,9.648959999999988,3,30
77.2,739.60272,9.626879999999915,3,30
77.3,740.57424,9.604800000000068,3,30
77.4,741.5016,9.604799999999955,3,30
77.5,742.51728,9.582719999999995,3,30
77.6,743.4888,9.648959999999988,3,30
77.7,744.39408,9.671039999999948,3,30
77.8,745.3656,9.648959999999988,3,30
77.9,746.33712,9.648959999999988,3,30
78.0,747.33072,9.648959999999988,3,30
78.1,748.30224,9.582719999999995,3,30
78.2,749.25168,9.604800000000068,3,30
78.3,750.2232,9.671039999999948,3,30
78.4,751.15056,9.671040000000062,3,30
78.5,752.1,9.604799999999955,3,30
78.6,753.0936,9.582719999999995,3,30
78.7,754.06512,9.582719999999995,3,30
78.8,755.03664,9.604800000000068,3,30
78.9,755.94192,9.626880000000028,3,30
79.0,756.91344,9.626879999999915,3,30
79.1,757.88496,9.626880000000028,3,30
79.2,758.85648,9.604799999999955,3,30
79.3,759.85008,9.626880000000028,3,30
79.4,760.77744,9.604799999999955,3,30
79.5,761.72688,9.648959999999988,3,30
79.6,762.6984,9.604799999999955,3,30
79.7,763.692,9.648959999999988,3,30
79.8,764.64144,9.626879999999915,3,30
79.9,765.59088,8.931359999999927,3,30
80.0,766.51824,9.626880000000028,3,30
80.1,767.53392,9.648959999999988,3,30
80.2,768.48336,9.626880000000028,3,30
80.3,768.78144,9.604799999999955,3,30
80.4,770.40432,9.582719999999995,3,30
80.5,771.37584,9.604800000000068,3,30
80.6,772.32528,9.648959999999988,3,30
80.7,773.2968,9.626880000000028,3,30
80.8,774.22416,9.626880000000028,3,30
80.9,775.19568,10.256160000000023,3,30
81.0,776.1672,9.626880000000028,3,30
81.1,777.1608,9.604799999999955,3,30
81.2,778.11024,9.604799999999955,3,30
81.3,779.0376,9.604800000000068,3,30
81.4,780.0312,9.671040000000062,3,30
81.5,780.98064,9.626879999999915,3,30
81.6,781.93008,9.626880000000028,3,30
81.7,782.9016,9.604799999999955,3,30
81.8,783.8952,9.604800000000068,3,30
81.9,784.82256,9.648959999999988,3,30
82.0,785.79408,9.604799999999955,3,30
82.1,786.7656,9.604799999999955,3,30
82.2,787.71504,9.671040000000062,3,30
82.3,788.68656,9.626879999999915,3,30
82.4,789.636,9.626879999999915,3,30
82.5,790.58544,9.626880000000028,3,30
82.6,791.60112,9.648959999999988,3,30
82.7,792.52848,9.626880000000028,3,30
82.8,793.52208,9.626879999999915,3,30
82.9,794.44944,9.626880000000028,3,30
83.0,795.44304,9.626880000000028,3,30
83.1,796.39248,9.671040000000062,3,30
83.2,797.34192,9.604799999999955,3,30
83.3,798.31344,9.626880000000028,3,30
83.4,799.26288,9.582719999999995,3,30
83.5,800.25648,9.648959999999988,3,30
83.6,801.20592,9.604799999999955,3,30
83.7,802.15536,9.604800000000068,3,30
83.8,803.1048,9.648959999999988,3,30
83.9,804.0984,9.648959999999988,3,30
84.0,805.04784,9.648959999999988,3,30
84.1,805.99728,9.626880000000028,3,30
84.2,806.99088,9.582719999999995,3,30
84.3,807.9624,9.604800000000068,3,30
84.4,808.91184,9.626880000000028,3,30
84.5,809.88336,9.604800000000068,3,30
84.6,810.78864,9.648960000000102,3,30
84.7,811.76016,9.648959999999988,3,30
84.8,812.73168,9.582720000000108,3,30
84.9,813.7032,9.560640000000035,3,30
85.0,814.6968,9.626880000000028,3,30
85.1,815.64624,9.582719999999995,3,30
85.2,816.5736,9.671040000000062,3,30
85.3,817.52304,9.626879999999915,3,30
85.4,818.53872,9.626880000000028,3,30
85.5,819.46608,9.648959999999988,3,30
85.6,820.45968,9.582719999999995,3,30
85.7,821.38704,9.582719999999995,3,30
85.8,822.35856,9.671039999999948,3,30
85.9,823.35216,9.671039999999948,3,30
86.0,824.27952,9.582719999999995,3,30
86.1,825.22896,9.671039999999948,3,30
86.2,826.24464,9.626879999999915,3,30
86.3,827.19408,9.626880000000028,3,30
86.4,828.12144,9.626880000000028,3,30
86.5,829.13712,9.604799999999955,3,30
86.6,830.08656,9.671039999999948,3,30
86.7,831.01392,9.648959999999988,3,30
86.8,831.98544,9.582719999999995,3,30
86.9,832.95696,9.582719999999995,3,30
87.0,833.95056,9.626880000000028,3,30
87.1,834.87792,9.604800000000068,3,30
87.2,835.82736,9.626880000000028,3,30
87.3,836.7768,9.626880000000028,3,30
87.4,837.74832,9.648959999999988,3,30
87.5,838.74192,9.604800000000068,3,30
87.6,839.71344,9.582719999999995,3,30
87.7,840.6408,9.626880000000028,3,30
87.8,841.6344,9.671039999999948,3,30
87.9,842.56176,8.975520000000074,3,30
88.0,843.53328,9.648959999999988,3,30
88.1,844.5048,9.626879999999915,3,30
88.2,845.4984,9.604799999999955,5,40
88.3,845.75232,9.671039999999948,5,40
88.4,847.39728,9.626880000000028,5,40
88.5,848.3688,9.671039999999948,5,40
88.6,849.31824,9.626880000000028,5,40
88.7,850.31184,9.626879999999915,5,40
88.8,851.26128,9.560640000000035,5,40
88.9,852.2328,10.300319999999942,5,40
89.0,853.16016,9.626880000000028,5,40
89.1,854.13168,9.604800000000068,5,40
89.2,855.05904,9.626880000000028,5,40
89.3,856.05264,9.560640000000035,5,40
89.4,857.02416,9.604799999999955,5,40
89.5,857.9736,9.604799999999955,5,40
89.6,858.94512,9.626880000000028,5,40
89.7,859.87248,9.604800000000068,5,40
89.8,860.86608,9.648959999999988,5,40
89.9,861.8376,9.604799999999955,5,40
90.0,862.78704,9.604799999999955,5,40
90.1,863.73648,9.626879999999915,5,40
90.2,864.708,9.648959999999988,5,40
90.3,865.65744,9.671039999999948,5,40
90.4,866.62896,9.604799999999955,5,40
90.5,867.60048,9.626880000000028,5,40
90.6,868.59408,9.648959999999988,5,40
90.7,869.54352,9.626879999999915,5,40
90.8,870.47088,9.604800000000068,5,40
90.9,871.46448,9.648960000000102,5,40
91.0,872.436,9.626880000000028,5,40
91.1,873.36336,9.604800000000068,5,40
91.2,874.3128,9.582719999999995,5,40
91.3,875.3064,9.604800000000068,5,40
91.4,876.25584,9.626880000000028,5,40
91.5,877.20528,9.626880000000028,5,40
91.6,878.1768,9.582719999999995,5,40
91.7,879.14832,9.648960000000102,5,40
91.8,880.09776,9.626879999999915,5,40
91.9,881.09136,9.582719999999995,5,40
92.0,882.01872,9.626879999999915,5,40
92.1,883.01232,9.626880000000028,5,40
92.2,883.93968,9.626880000000028,5,40
92.3,884.88912,9.648959999999988,5,40
92.4,885.88272,9.626880000000028,5,40
92.5,886.83216,9.582719999999995,5,40
92.6,887.80368,9.671039999999948,5,40
92.7,888.79728,9.604799999999955,5,40
92.8,889.72464,9.626880000000028,5,40
92.9,890.67408,9.648959999999988,5,40
93.0,891.68976,9.648960000000102,5,40
93.1,892.61712,9.604799999999955,5,40
93.2,893.56656,9.626880000000028,5,40
93.3,894.53808,9.626880000000028,5,40
93.4,895.53168,9.626880000000028,5,40
93.5,896.43696,9.671039999999948,5,40
93.6,897.43056,9.560640000000035,5,40
93.7,898.42416,9.604799999999955,5,40
93.8,899.35152,9.626880000000028,5,40
93.9,900.34512,9.648959999999988,5,40
94.0,901.2504,9.582719999999995,5,40
94.1,902.22192,9.626880000000028,5,40
94.2,903.19344,9.648959999999988,5,40
94.3,904.18704,9.626879999999915,5,40
94.4,905.1144,9.648959999999988,5,40
94.5,906.06384,9.604800000000068,5,40
94.6,907.07952,9.648959999999988,5,40
94.7,908.05104,9.648960000000102,5,40
94.8,909.00048,9.604799999999955,5,40
94.9,909.94992,9.604799999999955,5,40
95.0,910.89936,9.626879999999915,5,40
95.1,911.87088,9.626880000000028,5,40
95.2,912.79824,9.604799999999955,5,40
95.3,913.79184,9.582720000000108,5,40
95.4,914.74128,9.604799999999955,5,40
95.5,915.69072,9.582719999999995,5,40
95.6,916.68432,9.648959999999988,5,40
95.7,917.63376,9.461279999999988,5,40
95.8,918.60528,9.637920000000008,5,40
95.9,919.53264,9.615840000000048,5,40
96.0,920.54832,9.637920000000008,5,40
96.1,921.33216,9.682079999999928,5,40
96.2,922.43616,9.615840000000048,5,40
96.3,923.40768,9.637919999999895,5,40
96.4,924.3792,9.593759999999975,5,40
96.5,925.3728,9.659999999999968,5,40
96.6,926.30016,9.615840000000048,5,40
96.7,927.27168,9.803519999999935,5,40
96.8,928.19904,9.626880000000028,5,40
96.9,929.19264,9.648959999999988,5,40
97.0,930.16416,9.648959999999988,5,40
97.1,931.13568,9.604800000000068,5,40
97.2,932.06304,9.648959999999988,5,40
97.3,933.05664,9.604800000000068,5,40
97.4,934.02816,9.648959999999988,5,40
97.5,934.9776,9.604800000000068,5,40
97.6,935.94912,9.604799999999955,5,40
97.7,936.87648,9.604800000000068,5,40
97.8,937.848,9.671039999999948,5,40
97.9,938.79744,9.626880000000028,5,40
98.0,939.76896,9.604800000000068,5,40
98.1,940.74048,9.604799999999955,5,40
98.2,941.73408,9.626880000000028,5,40
98.3,942.68352,9.648959999999988,5,40
98.4,943.63296,9.626880000000028,5,40
98.5,944.5824,9.671039999999948,5,40
98.6,945.576,9.648959999999988,5,40
98.7,946.52544,9.648959999999988,5,40
98.8,947.47488,9.582719999999995,5,40
98.9,948.46848,9.604799999999955,5,40
99.0,949.41792,9.648959999999988,5,40
99.1,950.38944,9.626880000000028,5,40
99.2,951.3168,9.604799999999955,5,40
99.3,952.28832,9.582719999999995,5,40
99.4,953.28192,9.648959999999988,5,40
99.5,954.20928,9.582719999999995,5,40
99.6,955.1808,9.604800000000068,5,40
99.7,956.10816,9.560639999999921,5,40
99.8,957.12384,9.648960000000102,5,40
99.9,958.0512,9.626880000000028,5,40
100.0,959.02272,9.560640000000035,5,40
100.1,959.95008,9.626879999999915,5,40
100.2,960.96576,9.604800000000068,5,40
100.3,961.9152,9.648959999999988,5,40
100.4,962.84256,9.604800000000068,5,40
100.5,963.83616,9.604799999999955,5,40
100.6,964.7856,9.604799999999955,5,40
100.7,965.75712,9.626880000000028,5,40
100.8,966.72864,9.626879999999915,5,40
100.9,967.656,9.648959999999988,5,40
101.0,968.62752,9.626879999999915,5,40
101.1,969.57696,9.626880000000028,5,40
101.2,970.59264,9.648959999999988,5,40
101.3,971.56416,9.626880000000028,5,40
101.4,972.46944,9.648959999999988,5,40
101.5,973.46304,9.648960000000102,5,40
101.6,974.43456,9.626880000000028,5,40
101.7,975.384,9.626880000000028,5,40
101.8,976.3776,9.582719999999995,5,40
101.9,977.30496,9.604799999999955,5,40
102.0,978.2544,9.648959999999988,5,40
102.1,979.20384,9.648959999999988,5,40
102.2,980.17536,9.604799999999955,5,40
102.3,981.16896,9.604799999999955,5,40
102.4,982.1184,9.582719999999995,5,40
102.5,983.112,9.626879999999915,5,40
102.6,984.03936,9.626879999999915,5,40
102.7,984.9888,9.671039999999948,5,40
102.8,985.96032,9.671040000000062,5,40
102.9,986.93184,9.582719999999995,5,40
103.0,987.88128,9.648960000000102,5,40
103.1,988.87488,9.582719999999995,5,40
103.2,989.8464,9.604800000000068,5,40
103.3,990.75168,9.626880000000028,5,40
103.4,991.76736,9.626880000000028,5,40
103.5,992.69472,9.648959999999988,5,40
103.6,993.64416,9.626880000000028,5,40
103.7,994.61568,9.041760000000068,5,40
103.8,995.5872,9.626880000000028,5,40
103.9,996.5808,9.626880000000028,5,40
104.0,997.50816,9.626879999999915,5,40
104.1,997.91664,9.648959999999988,5,40
104.2,999.47328,9.671039999999948,5,40
104.3,1000.37856,9.604799999999955,5,40
104.4,1001.39424,9.648959999999988,5,40
104.5,1002.34368,9.582719999999995,5,40
104.6,1003.3152,9.648959999999988,5,40
104.7,1004.22048,10.167839999999956,5,40
104.8,1005.23616,9.604799999999955,5,40
104.9,1006.16352,9.648959999999988,5,40
105.0,1007.15712,9.604800000000068,5,40
105.1,1008.08448,9.626880000000028,5,40
105.2,1009.07808,9.604799999999955,5,40
105.3,1010.02752,9.671040000000062,5,40
105.4,1010.99904,9.582719999999995,5,40
105.5,1011.97056,9.604800000000068,5,40
105.6,1012.92,9.626880000000028,5,40
105.7,1013.89152,9.626880000000028,5,40
105.8,1014.81888,9.626880000000028,5,40
105.9,1015.76832,9.604800000000068,5,40
106.0,1016.784,9.604799999999955,5,40
106.1,1017.71136,9.626880000000028,5,40
106.2,1018.70496,9.626880000000028,5,40
106.3,1019.63232,9.604799999999955,5,40
106.4,1020.60384,9.648959999999988,5,40
106.5,1021.59744,9.648959999999875,5,40
106.6,1022.54688,9.582719999999995,5,40
106.7,1023.49632,9.604800000000068,5,40
106.8,1024.46784,9.582719999999881,5,40
106.9,1025.41728,9.671040000000062,5,40
107.0,1026.36672,9.648959999999988,5,40
107.1,1027.31616,9.626880000000028,5,40
107.2,1028.28768,9.604799999999955,5,40
107.3,1029.30336,9.648959999999988,5,40
107.4,1030.2528,9.648959999999988,5,40
107.5,1031.22432,9.648960000000216,5,40
107.6,1032.15168,9.671039999999948,5,40
107.7,1033.14528,9.671039999999948,5,40
107.8,1034.1168,9.671040000000175,5,40
107.9,1035.06624,9.604799999999841,5,40
108.0,1036.03776,9.604800000000068,5,40
108.1,1036.9872,9.582719999999881,5,40
108.2,1037.95872,9.604800000000068,5,40
108.3,1038.90816,9.626880000000028,5,40
108.4,1039.8576,9.582719999999881,5,40
108.5,1040.80704,9.582719999999881,5,40
108.6,1041.75648,9.582720000000108,5,40
108.7,1042.77216,9.626880000000028,5,40
108.8,1043.69952,9.626880000000028,5,40
108.9,1044.64896,9.582720000000108,5,40
109.0,1045.62048,9.648959999999988,5,40
109.1,1046.61408,9.671040000000175,5,40
109.2,1047.5856,9.671039999999948,5,40
109.3,1048.49088,9.582720000000108,5,40
109.4,1049.50656,9.648960000000216,5,40
109.5,1050.47808,9.648959999999988,5,40
109.6,1051.42752,9.648959999999988,5,40
109.7,1052.35488,9.582719999999881,5,40
109.8,1053.34848,9.604799999999841,5,40
109.9,1054.29792,9.648959999999988,5,40
110.0,1055.26944,9.626880000000028,5,40
110.1,1056.1968,9.582719999999881,5,40
110.2,1057.1904,9.626880000000028,5,40
110.3,1058.13984,9.626879999999801,5,40
110.4,1059.13344,9.604799999999841,5,40
110.5,1060.0608,9.648959999999988,5,40
110.6,1061.0544,9.626880000000028,5,40
110.7,1061.98176,9.671039999999948,5,40
110.8,1062.95328,9.604800000000068,5,40
110.9,1063.94688,9.604799999999841,5,40
111.0,1064.89632,9.604799999999841,5,40
111.1,1065.86784,9.648959999999988,5,40
111.2,1066.7952,9.582720000000108,5,40
111.3,1067.74464,9.648960000000216,5,40
111.4,1068.73824,9.648959999999988,5,40
111.5,1069.70976,9.604800000000068,5,40
111.6,1070.63712,9.626880000000028,5,40
111.7,1071.63072,9.582720000000108,5,40
111.8,1072.60224,9.604800000000068,5,40
111.9,1073.55168,9.671040000000175,5,40
112.0,1074.5232,9.604800000000068,5,40
112.1,1075.45056,9.626880000000028,5,40
112.2,1076.4,9.671039999999948,5,40
112.3,1077.41568,9.626879999999801,5,40
112.4,1078.34304,9.582720000000108,5,40
112.5,1079.33664,9.626880000000028,5,40
112.6,1080.30816,9.626879999999801,5,40
112.7,1081.2576,9.626880000000028,5,40
112.8,1082.18496,9.671039999999948,5,40
112.9,1083.17856,9.604799999999841,5,40
113.0,1084.15008,9.648959999999988,5,40
113.1,1085.07744,9.626880000000028,5,40
113.2,1086.07104,9.582719999999881,5,40
113.3,1087.02048,9.626880000000028,5,40
113.4,1087.992,9.671039999999948,5,40
113.5,1088.96352,9.626880000000028,5,40
113.6,1089.89088,9.604800000000068,5,40
113.7,1090.88448,9.604800000000068,5,40
113.8,1091.856,9.626880000000028,5,40
113.9,1092.80544,9.604800000000068,5,40
114.0,1093.75488,9.604800000000068,5,40
114.1,1094.68224,9.582719999999881,5,40
114.2,1095.69792,9.648959999999988,5,40
114.3,1096.62528,9.604800000000068,5,40
114.4,1097.5968,9.582720000000108,5,40
114.5,1098.54624,9.626879999999801,5,40
114.6,1099.53984,9.604800000000068,5,40
114.7,1100.48928,9.648959999999988,5,40
114.8,1101.43872,9.604799999999841,5,40
114.9,1102.43232,9.626880000000028,5,40
115.0,1103.35968,9.604800000000068,5,40
115.1,1104.3312,9.626880000000028,5,40
115.2,1105.30272,9.626880000000028,5,40
115.3,1106.25216,9.626880000000028,5,40
115.4,1107.2016,9.648959999999988,5,40
115.5,1108.17312,9.626880000000028,5,40
115.6,1109.16672,9.626880000000028,5,40
115.7,1110.11616,9.626880000000028,5,40
115.8,1111.08768,9.604800000000068,5,40
115.9,1112.0592,9.648959999999988,5,40
116.0,1112.98656,9.671039999999948,5,40
116.1,1113.95808,9.626880000000028,5,40
116.2,1114.90752,9.604800000000068,5,40
116.3,1115.90112,9.648959999999988,5,40
116.4,1116.87264,9.582719999999881,5,40
116.5,1117.8,9.626880000000028,5,40
116.6,1118.77152,9.626880000000028,5,40
116.7,1119.76512,9.626879999999801,5,40
116.8,1120.6704,9.648959999999988,5,40
116.9,1121.68608,9.626880000000028,5,40
117.0,1122.61344,9.582719999999881,5,40
117.1,1123.58496,9.648959999999988,5,40
117.2,1124.55648,9.626880000000028,5,40
117.3,1125.528,9.626880000000028,5,40
117.4,1126.45536,9.626880000000028,5,40
117.5,1127.44896,9.626880000000028,5,40
117.6,1128.3984,9.626880000000028,5,40
117.7,1129.392,9.626880000000028,5,40
117.8,1130.29728,9.626880000000028,5,40
117.9,1131.31296,9.604800000000068,5,40
118.0,1132.24032,9.604800000000068,5,40
118.1,1133.21184,9.582720000000108,5,40
118.2,1134.18336,9.648959999999988,5,40
118.3,1135.1328,9.604799999999841,5,40
118.4,1136.06016,9.671039999999948,5,40
118.5,1137.03168,9.560639999999921,5,40
118.6,1138.04736,9.604799999999841,5,40
118.7,1138.9968,9.626880000000028,5,40
118.8,1139.96832,9.604800000000068,5,40
118.9,1140.8736,9.648959999999988,5,40
119.0,1141.84512,9.626880000000028,5,40
119.1,1142.83872,9.648959999999988,5,40
119.2,1143.78816,9.582719999999881,5,40
119.3,1144.78176,9.626880000000028,5,40
119.4,1145.68704,9.626880000000028,5,40
119.5,1146.68064,9.671040000000175,5,40
119.6,1147.63008,9.196320000000014,5,40
119.7,1148.62368,9.615839999999935,5,40
119.8,1149.5952,9.637919999999895,5,40
119.9,1150.54464,9.593759999999975,5,40
120.0,1151.04144,9.660000000000082,5,40
120.1,1152.45456,9.593759999999975,5,40
120.2,1153.42608,9.615840000000162,5,40
120.3,1154.37552,9.593759999999975,5,40
120.4,1155.34704,9.593759999999975,5,40
120.5,1156.2744,9.593759999999975,5,40
120.6,1157.24592,10.068480000000136,5,40
120.7,1158.21744,9.626880000000028,5,40
120.8,1159.18896,9.604800000000068,5,40
120.9,1160.1384,9.626880000000028,5,40
121.0,1161.10992,9.626879999999801,5,40
121.1,1162.08144,9.648959999999988,5,40
121.2,1163.03088,9.648959999999988,5,40
121.3,1164.0024,9.626880000000028,5,40
121.4,1164.97392,9.604800000000068,5,40
121.5,1165.92336,9.671039999999948,5,40
121.6,1166.89488,9.648959999999988,5,40
121.7,1167.84432,9.626880000000028,5,40
121.8,1168.79376,9.626880000000028,5,40
121.9,1169.80944,9.626880000000028,5,40
122.0,1170.75888,9.626880000000028,5,40
122.1,1171.70832,9.648959999999988,5,40
122.2,1172.65776,9.626880000000028,5,40
122.3,1173.62928,9.626880000000028,5,40
122.4,1174.6008,9.626880000000028,5,40
122.5,1175.57232,9.604800000000068,5,40
122.6,1176.52176,9.582719999999881,5,40
122.7,1177.4712,9.648959999999988,5,40
122.8,1178.42064,9.604799999999841,5,40
122.9,1179.41424,9.604799999999841,5,40
123.0,1180.3416,9.626880000000028,5,40
123.1,1181.35728,9.604800000000068,5,40
123.2,1182.26256,9.604799999999841,5,40
123.3,1183.23408,9.626880000000028,5,40
123.4,1184.22768,9.626880000000028,5,40
123.5,1185.17712,9.582719999999881,5,40
123.6,1186.12656,9.626880000000028,5,40
123.7,1187.09808,9.582720000000108,5,40
123.8,1188.04752,9.671040000000175,5,40
123.9,1188.99696,9.648959999999988,5,40
124.0,1189.96848,9.604800000000068,5,40
124.1,1190.94,9.604799999999841,5,40
124.2,1191.9336,9.604800000000068,5,40
124.3,1192.88304,9.626880000000028,5,40
124.4,1193.83248,9.648959999999988,5,40
124.5,1194.78192,9.648959999999988,5,40
124.6,1195.73136,9.671039999999948,5,40
124.7,1196.72496,9.648959999999988,5,40
124.8,1197.69648,9.604799999999841,5,40
124.9,1198.64592,9.626880000000028,5,40
125.0,1199.63952,9.648959999999988,5,40
125.1,1200.58896,9.648959999999988,5,40
125.2,1201.5384,9.648959999999988,5,40
125.3,1202.50992,9.648959999999988,5,40
125.4,1203.48144,9.582719999999881,5,40
125.5,1204.43088,9.626880000000028,5,40
125.6,1205.38032,9.560640000000149,5,40
125.7,1206.37392,9.604800000000068,5,40
125.8,1207.2792,9.626880000000028,5,40
125.9,1208.2728,9.604800000000068,5,40
126.0,1209.20016,9.582719999999881,5,40
126.1,1210.19376,9.604800000000068,5,40
126.2,1211.16528,9.626880000000028,5,40
126.3,1212.11472,9.626880000000028,5,40
126.4,1213.06416,9.648959999999988,5,40
126.5,1214.03568,9.626880000000028,4,40
126.6,1215.0072,9.648959999999988,4,40
126.7,1216.0008,9.626879999999801,4,40
126.8,1216.92816,9.648959999999988,4,40
126.9,1217.89968,9.648959999999988,4,40
127.0,1218.84912,9.671040000000175,4,40
127.1,1219.82064,9.626880000000028,4,40
127.2,1220.81424,9.648959999999988,4,40
127.3,1221.76368,9.582719999999881,4,40
127.4,1222.7352,9.648959999999988,4,40
127.5,1223.66256,9.604800000000068,4,40
127.6,1224.65616,8.887199999999893,4,40
127.7,1225.58352,9.637920000000122,4,40
127.8,1226.57712,9.593759999999975,4,40
127.9,1227.50448,9.593759999999975,4,40
128.0,1227.73632,9.615839999999935,4,40
128.1,1229.45856,9.660000000000082,4,40
128.2,1230.408,9.593759999999975,4,40
128.3,1231.35744,9.637920000000122,4,40
128.4,1232.35104,9.615840000000162,4,40
128.5,1233.32256,9.615839999999935,4,40
128.6,1234.24992,10.37760000000003,4,40
128.7,1235.22144,9.582719999999881,4,40
128.8,1236.19296,9.626880000000028,4,40
128.9,1237.12032,9.626880000000028,4,40
129.0,1238.11392,9.582719999999881,4,40
129.1,1239.04128,9.582719999999881,4,40
129.2,1240.03488,9.648959999999988,4,40
129.3,1240.98432,9.648959999999988,4,40
129.4,1241.93376,9.626880000000028,4,40
129.5,1242.90528,9.626880000000028,4,40
129.6,1243.89888,9.604800000000068,4,40
129.7,1244.8704,9.648959999999988,4,40
129.8,1245.81984,9.604800000000068,4,40
129.9,1246.7472,9.604800000000068,4,40
130.0,1247.71872,9.626880000000028,4,40
130.1,1248.69024,9.604800000000068,4,40
130.2,1249.63968,9.582720000000108,4,40
130.3,1250.58912,9.560639999999921,4,40
130.4,1251.56064,9.626879999999801,4,40
130.5,1252.51008,9.648959999999988,4,40
130.6,1253.4816,9.604799999999841,4,40
130.7,1254.43104,9.648959999999988,4,40
130.8,1255.44672,9.648959999999988,4,40
130.9,1256.39616,9.648959999999988,4,40
131.0,1257.32352,9.626880000000028,4,40
131.1,1258.3392,9.671039999999948,4,40
131.2,1259.28864,9.671039999999948,4,40
131.3,1260.23808,9.648959999999988,4,40
131.4,1261.18752,9.626880000000028,4,40
131.5,1262.18112,9.626880000000028,4,40
131.6,1263.15264,9.671040000000175,4,40
131.7,1264.08,9.604800000000068,4,40
131.8,1265.0736,9.604800000000068,4,40
131.9,1266.02304,9.626880000000028,4,40
132.0,1266.99456,9.648959999999988,4,40
132.1,1267.944,9.626880000000028,4,40
132.2,1268.89344,9.560639999999921,4,40
132.3,1269.86496,9.604800000000068,4,40
132.4,1270.83648,9.582720000000108,4,40
132.5,1271.808,9.626880000000028,4,40
132.6,1272.71328,9.604799999999841,4,40
132.7,1273.6848,9.626880000000028,4,40
132.8,1274.65632,9.626880000000028,4,40
132.9,1275.64992,9.626879999999801,4,40
133.0,1276.59936,9.604800000000068,4,40
133.1,1277.57088,9.604800000000068,4,40
133.2,1278.52032,9.648959999999988,4,40
133.3,1279.49184,9.648959999999988,4,40
133.4,1280.44128,9.648959999999988,4,40
133.5,1281.4128,9.626880000000028,4,40
133.6,1282.36224,9.604800000000068,4,40
133.7,1283.33376,9.626880000000028,4,40
133.8,1284.30528,9.648959999999988,4,40
133.9,1285.2768,9.604800000000068,4,40
134.0,1286.20416,9.648959999999988,4,40
134.1,1287.19776,9.582719999999881,4,40
134.2,1288.16928,9.626880000000028,4,40
134.3,1289.09664,9.648959999999988,4,40
134.4,1290.09024,9.626880000000028,4,40
134.5,1290.99552,9.604799999999841,4,40
134.6,1291.98912,9.671039999999948,4,40
134.7,1292.98272,9.626880000000028,4,40
134.8,1293.93216,9.604799999999841,4,40
134.9,1294.8816,9.648959999999988,4,40
135.0,1295.8752,9.604800000000068,4,40
135.1,1296.82464,9.648959999999988,4,40
135.2,1297.77408,9.626880000000028,4,40
135.3,1298.7456,9.582720000000108,4,40
135.4,1299.69504,9.626880000000028,4,40
135.5,1300.64448,9.626880000000028,4,40
135.6,1301.616,9.560640000000149,4,40
135.7,1302.56544,8.798880000000054,4,40
135.8,1303.55904,9.615840000000162,4,40
135.9,1304.50848,9.615839999999935,4,40
136.0,1305.43584,9.615839999999935,4,40
136.1,1305.62352,9.660000000000082,4,40
136.2,1307.38992,9.615839999999935,4,40
136.3,1308.36144,9.637919999999895,4,40
136.4,1309.31088,9.593759999999975,4,40
136.5,1310.30448,9.593759999999975,4,40
136.6,1311.23184,9.637919999999895,4,40
136.7,1312.20336,10.42175999999995,4,40
136.8,1313.1528,9.626880000000028,4,40
136.9,1314.10224,9.582720000000108,4,40
137.0,1315.07376,9.626880000000028,4,40
137.1,1316.04528,9.626880000000028,4,40
137.2,1317.0168,9.626880000000028,4,40
137.3,1317.94416,9.626880000000028,4,40
137.4,1318.93776,9.604799999999841,4,40
137.5,1319.93136,9.648959999999988,4,40
137.6,1320.85872,9.626880000000028,4,40
137.7,1321.83024,9.604799999999841,4,40
137.8,1322.7576,9.626879999999801,4,40
137.9,1323.7512,9.671039999999948,4,40
138.0,1324.70064,9.604800000000068,4,40
138.1,1325.65008,9.626880000000028,4,40
138.2,1326.64368,9.626880000000028,4,40
138.3,1327.6152,9.648959999999988,4,40
138.4,1328.54256,9.626880000000028,4,40
138.5,1329.55824,9.604800000000068,4,40
138.6,1330.4856,9.626880000000028,4,40
138.7,1331.4792,9.648960000000216,4,40
138.8,1332.38448,9.626880000000028,4,40
138.9,1333.356,9.604800000000068,4,40
139.0,1334.32752,9.648959999999988,4,40
139.1,1335.29904,9.582719999999881,4,40
139.2,1336.27056,9.626880000000028,4,40
139.3,1337.22,9.582720000000108,4,40
139.4,1338.19152,9.671039999999948,4,40
139.5,1339.14096,9.648959999999988,4,40
139.6,1340.11248,9.626880000000028,4,40
139.7,1341.06192,9.626879999999801,4,40
139.8,1342.05552,9.582720000000108,4,40
139.9,1343.00496,9.648959999999988,4,40
140.0,1343.9544,9.604799999999841,4,40
140.1,1344.92592,9.604800000000068,4,40
140.2,1345.85328,9.648959999999988,4,40
140.3,1346.86896,9.648959999999988,4,40
140.4,1347.79632,9.626880000000028,4,40
140.5,1348.74576,9.604800000000068,4,40
140.6,1349.76144,9.648959999999988,4,40
140.7,1350.71088,9.604800000000068,4,40
140.8,1351.6824,9.626880000000028,4,40
140.9,1352.60976,9.582719999999881,4,40
141.0,1353.60336,9.648959999999988,4,40
141.1,1354.53072,9.671039999999948,4,40
141.2,1355.48016,9.582720000000108,4,40
141.3,1356.45168,9.626879999999801,4,40
141.4,1357.44528,9.582720000000108,4,40
141.5,1358.4168,9.626880000000028,4,40
141.6,1359.34416,9.604799999999841,4,40
141.7,1360.33776,9.671039999999948,4,40
141.8,1361.26512,9.626880000000028,4,40
141.9,1362.23664,9.648960000000216,4,40
142.0,1363.20816,9.582720000000108,4,40
142.1,1364.20176,9.604800000000068,4,40
142.2,1365.10704,9.626879999999801,4,40
142.3,1366.10064,9.604800000000068,4,40
142.4,1367.028,9.671039999999948,4,40
142.5,1368.0216,9.626880000000028,4,40
142.6,1368.97104,9.604800000000068,4,40
142.7,1369.94256,9.560640000000149,4,40
142.8,1370.93616,9.671039999999948,4,40
142.9,1371.86352,9.604799999999841,4,40
143.0,1372.81296,9.648959999999988,4,40
143.1,1373.7624,9.626880000000028,4,40
143.2,1374.77808,9.604800000000068,4,40
143.3,1375.70544,9.604800000000068,4,40
143.4,1376.67696,9.626880000000028,4,40
143.5,1377.64848,9.39503999999988,4,40
143.6,1378.57584,9.615839999999935,4,40
143.7,1379.54736,9.682080000000042,4,40
143.8,1380.56304,9.593759999999975,4,40
143.9,1381.25856,9.660000000000082,4,40
144.0,1382.4288,9.615839999999935,4,40
144.1,1383.44448,9.637919999999895,4,40
144.2,1384.37184,9.615839999999935,4,40
144.3,1385.36544,9.660000000000082,4,40
144.4,1386.2928,9.615839999999935,4,40
144.5,1387.2864,9.869760000000042,4,40
144.6,1388.19168,9.648959999999988,4,40
144.7,1389.20736,9.582719999999881,4,40
144.8,1390.17888,9.626880000000028,4,40
144.9,1391.12832,9.604800000000068,4,40
145.0,1392.07776,9.626880000000028,4,40
145.1,1393.0272,9.626880000000028,4,40
145.2,1393.99872,9.626880000000028,4,40
145.3,1394.97024,9.626879999999801,4,40
145.4,1395.91968,9.582720000000108,4,40
145.5,1396.91328,9.626880000000028,4,40
145.6,1397.81856,9.648959999999988,4,40
145.7,1398.83424,9.648959999999988,4,40
145.8,1399.7616,9.604799999999841,4,40
145.9,1400.7552,9.626879999999801,4,40
146.0,1401.72672,9.648959999999988,4,40
146.1,1402.67616,9.604800000000068,4,40
146.2,1403.60352,9.648959999999988,4,40
146.3,1404.59712,9.604800000000068,4,40
146.4,1405.56864,9.648959999999988,4,40
146.5,1406.51808,9.582719999999881,4,40
146.6,1407.46752,9.604800000000068,4,40
146.7,1408.43904,9.604800000000068,4,40
146.8,1409.41056,9.671040000000175,4,40
146.9,1410.33792,9.604800000000068,4,40
147.0,1411.33152,9.604800000000068,4,40
147.1,1412.28096,9.582719999999881,4,40
147.2,1413.27456,9.626880000000028,4,40
147.3,1414.20192,9.626880000000028,4,40
147.4,1415.17344,9.582719999999881,4,40
147.5,1416.1008,9.671039999999948,4,40
147.6,1417.0944,9.582720000000108,4,40
147.7,1418.06592,9.626880000000028,4,40
147.8,1418.99328,9.604799999999841,4,40
147.9,1420.00896,9.626880000000028,4,40
148.0,1420.91424,9.626880000000028,4,40
148.1,1421.90784,9.671040000000175,4,40
148.2,1422.87936,9.648959999999988,4,40
148.3,1423.8288,9.604800000000068,4,40
148.4,1424.80032,9.648959999999988,4,40
148.5,1425.77184,9.604800000000068,4,40
148.6,1426.74336,9.671039999999948,4,40
148.7,1427.67072,9.604799999999841,4,40
148.8,1428.64224,9.604800000000068,4,40
148.9,1429.61376,9.626880000000028,4,40
149.0,1430.58528,9.604799999999841,4,40
149.1,1431.51264,9.582719999999881,4,40
149.2,1432.48416,9.604800000000068,4,40
149.3,1433.45568,9.648959999999988,4,40
149.4,1434.40512,9.648959999999988,4,40
149.5,1435.35456,9.626880000000028,4,40
149.6,1436.34816,9.604800000000068,4,40
149.7,1437.31968,9.626880000000028,4,40
149.8,1438.2912,9.626880000000028,4,40
149.9,1439.24064,9.626880000000028,4,40
150.0,1440.19008,9.626880000000028,4,40
150.1,1441.13952,9.626880000000028,4,40
150.2,1442.11104,9.626880000000028,4,40
150.3,1443.08256,9.604799999999841,4,40
150.4,1444.032,9.626880000000028,4,40
150.5,1444.98144,9.648959999999988,4,40
150.6,1445.97504,9.626880000000028,4,40
150.7,1446.92448,9.671039999999948,4,40
150.8,1447.91808,9.648959999999988,4,40
150.9,1448.8896,9.648959999999988,4,40
151.0,1449.81696,9.626880000000028,4,40
151.1,1450.81056,9.671039999999948,4,40
151.2,1451.76,9.648959999999988,4,40
151.3,1452.73152,9.626880000000028,4,40
151.4,1453.65888,9.582720000000108,4,40
151.5,1454.65248,9.604800000000068,4,40
151.6,1455.624,9.648959999999988,4,40
151.7,1456.55136,9.130080000000135,4,40
151.8,1457.5008,9.571680000000015,4,40
151.9,1458.4944,9.615839999999935,4,40
152.0,1459.46592,9.615839999999935,4,40
152.1,1459.94064,9.615839999999935,4,40
152.2,1461.33168,9.593759999999975,4,40
152.3,1462.34736,9.615840000000162,4,40
152.4,1463.27472,9.615839999999935,4,40
152.5,1464.26832,9.615839999999935,4,40
152.6,1465.21776,9.615839999999935,4,40
152.7,1466.1672,10.068479999999909,4,40
152.8,1467.11664,9.648959999999988,4,40
152.9,1468.11024,9.604800000000068,4,40
153.0,1469.08176,9.648960000000216,4,40
153.1,1470.00912,9.582720000000108,4,40
153.2,1470.98064,9.626880000000028,4,40
153.3,1471.95216,9.626879999999801,4,40
153.4,1472.92368,9.648959999999988,4,40
153.5,1473.85104,9.626880000000028,4,40
153.6,1474.84464,9.604800000000068,4,40
153.7,1475.79408,9.671039999999948,4,40
153.8,1476.7656,9.604800000000068,4,40
153.9,1477.73712,9.626880000000028,4,40
154.0,1478.68656,9.582719999999881,4,40
154.1,1479.68016,9.648959999999988,4,40
154.2,1480.58544,9.604800000000068,4,40
154.3,1481.57904,9.604800000000068,4,40
154.4,1482.5064,9.648959999999988,4,40
154.5,1483.5,9.626880000000028,4,40
154.6,1484.44944,9.626879999999801,4,40
154.7,1485.39888,9.560640000000149,4,40
154.8,1486.41456,9.671039999999948,4,40
154.9,1487.364,9.626880000000028,4,40
155.0,1488.31344,9.648959999999988,4,40
155.1,1489.2408,9.626880000000028,4,40
155.2,1490.25648,9.626879999999801,4,40
155.3,1491.20592,9.626880000000028,4,40
155.4,1492.15536,9.626880000000028,4,40
155.5,1493.12688,9.626880000000028,4,40
155.6,1494.07632,9.604800000000068,4,40
155.7,1495.02576,9.648959999999988,4,40
155.8,1496.04144,9.604800000000068,4,40
155.9,1496.99088,9.604799999999841,4,40
156.0,1497.91824,9.604800000000068,4,40
156.1,1498.88976,9.626880000000028,4,40
156.2,1499.86128,9.604800000000068,4,40
156.3,1500.81072,9.648959999999988,4,40
156.4,1501.76016,9.626880000000028,4,40
156.5,1502.75376,9.604799999999841,4,40
156.6,1503.68112,9.671039999999948,4,40
156.7,1504.67472,9.648959999999988,4,40
156.8,1505.66832,9.648959999999988,4,40
156.9,1506.59568,9.604800000000068,4,40
157.0,1507.58928,9.626880000000028,4,40
157.1,1508.53872,9.604799999999841,4,40
157.2,1509.51024,9.626880000000028,4,40
157.3,1510.41552,9.648959999999988,4,40
157.4,1511.38704,9.604800000000068,4,40
157.5,1512.35856,9.604800000000068,4,40
157.6,1513.308,9.626880000000028,4,40
157.7,1514.32368,9.626880000000028,4,40
157.8,1515.27312,9.626880000000028,4,40
157.9,1516.20048,9.648959999999988,4,40
158.0,1517.21616,9.648959999999988,4,40
158.1,1518.1656,9.626880000000028,2,20
158.2,1519.13712,9.671039999999948,2,20
158.3,1520.06448,9.604800000000068,2,20
158.4,1521.036,9.604799999999841,2,20
158.5,1521.98544,9.648959999999988,2,20
158.6,1522.97904,9.582720000000108,2,20
158.7,1523.92848,9.626880000000028,2,20
158.8,1524.87792,9.582719999999881,2,20
158.9,1525.84944,9.648959999999988,2,20
159.0,1526.79888,9.582719999999881,2,20
159.1,1527.79248,9.648959999999988,2,20
159.2,1528.71984,9.604800000000068,2,20
159.3,1529.71344,9.582719999999881,2,20
159.4,1530.61872,9.648959999999988,2,20
159.5,1531.6344,9.648959999999988,2,20
159.6,1532.58384,9.063840000000027,2,20
159.7,1533.5112,9.615839999999935,2,20
159.8,1534.52688,9.637920000000122,2,20
159.9,1535.4984,9.571680000000015,2,20
160.0,1535.86272,9.682080000000042,2,20
160.1,1537.40832,9.615840000000162,2,20
160.2,1538.35776,9.593759999999975,2,20
160.3,1539.28512,9.637920000000122,2,20
160.4,1540.3008,9.593760000000202,2,20
160.5,1541.25024,9.615840000000162,2,20
160.6,1542.1776,10.178879999999936,2,20
160.7,1543.14912,9.582720000000108,2,20
160.8,1544.12064,9.648959999999988,2,20
160.9,1545.11424,9.648959999999988,2,20
161.0,1546.0416,9.626880000000028,2,20
161.1,1546.99104,9.604799999999841,2,20
161.2,1548.00672,9.648959999999988,2,20
161.3,1548.93408,9.671039999999948,2,20
161.4,1549.92768,9.626879999999801,2,20
161.5,1550.85504,9.582719999999881,2,20
161.6,1551.82656,9.626880000000028,2,20
161.7,1552.82016,9.626879999999801,2,20
161.8,1553.74752,9.626879999999801,2,20
161.9,1554.69696,9.626880000000028,2,20
162.0,1555.66848,9.582719999999881,2,20
162.1,1556.61792,9.626880000000028,2,20
162.2,1557.6336,9.648959999999988,2,20
162.3,1558.56096,9.582720000000108,2,20
162.4,1559.5104,9.604800000000068,2,20
162.5,1560.48192,9.626880000000028,2,20
162.6,1561.47552,9.626880000000028,2,20
162.7,1562.40288,9.671040000000175,2,20
162.8,1563.35232,9.582720000000108,2,20
162.9,1564.32384,9.648959999999988,2,20
163.0,1565.29536,9.648960000000216,2,20
163.1,1566.28896,9.626880000000028,2,20
163.2,1567.21632,9.626880000000028,2,20
163.3,1568.20992,9.626879999999801,2,20
163.4,1569.15936,9.626880000000028,2,20
163.5,1570.1088,9.604800000000068,2,20
163.6,1571.1024,9.604799999999841,2,20
163.7,1572.02976,9.582719999999881,2,20
163.8,1572.9792,9.648959999999988,2,20
163.9,1573.92864,9.604800000000068,2,20
164.0,1574.90016,9.626879999999801,2,20
164.1,1575.87168,9.648959999999988,2,20
164.2,1576.86528,9.560639999999921,2,20
164.3,1577.81472,9.604800000000068,2,20
164.4,1578.78624,9.648959999999988,2,20
164.5,1579.75776,9.648959999999988,2,20
164.6,1580.66304,9.626880000000028,2,20
164.7,1581.63456,9.626880000000028,2,20
164.8,1582.62816,9.604800000000068,2,20
164.9,1583.5776,9.582719999999881,2,20
165.0,1584.52704,9.626880000000028,2,20
165.1,1585.49856,9.582720000000108,2,20
165.2,1586.47008,9.626880000000028,2,20
165.3,1587.39744,9.626880000000028,2,20
165.4,1588.41312,9.648959999999988,2,20
165.5,1589.34048,9.648959999999988,2,20
165.6,1590.28992,9.626880000000028,2,20
165.7,1591.26144,9.648959999999988,2,20
165.8,1592.27712,9.604799999999841,2,20
165.9,1593.22656,9.626880000000028,2,20
166.0,1594.15392,9.626880000000028,2,20
166.1,1595.14752,9.671039999999948,2,20
166.2,1596.07488,9.671039999999948,2,20
166.3,1597.02432,9.648959999999988,2,20
166.4,1598.04,9.560639999999921,2,20
166.5,1599.01152,9.604799999999841,2,20
166.6,1599.96096,9.626880000000028,2,20
166.7,1600.9104,9.626880000000028,2,20
166.8,1601.83776,9.648960000000216,2,20
166.9,1602.83136,9.671039999999948,2,20
167.0,1603.7808,9.604800000000068,2,20
167.1,1604.7744,9.604800000000068,2,20
167.2,1605.72384,9.626880000000028,2,20
167.3,1606.69536,9.626880000000028,2,20
167.4,1607.6448,9.626880000000028,2,20
167.5,1608.61632,9.648959999999988,2,20
167.6,1609.58784,9.626880000000028,2,20
167.7,1610.53728,8.90928000000008,2,20
167.8,1611.46464,9.615839999999935,2,20
167.9,1612.48032,9.593759999999975,2,20
168.0,1613.40768,9.615839999999935,2,20
168.1,1613.68368,9.615839999999935,2,20
168.2,1615.33968,9.615840000000162,2,20
168.3,1616.28912,9.615839999999935,2,20
168.4,1617.26064,9.615840000000162,2,20
168.5,1618.23216,9.593760000000202,2,20
168.6,1619.20368,9.615839999999935,2,20
168.7,1620.15312,10.311359999999922,2,20
168.8,1621.08048,9.626880000000028,2,20
168.9,1622.07408,9.671040000000175,2,20
169.0,1623.02352,9.626880000000028,2,20
169.1,1623.99504,9.604800000000068,2,20
169.2,1624.96656,9.626880000000028,2,20
169.3,1625.96016,9.626880000000028,2,20
169.4,1626.88752,9.648959999999988,2,20
169.5,1627.83696,9.604799999999841,2,20
169.6,1628.83056,9.626880000000028,2,20
169.7,1629.78,9.626880000000028,2,20
169.8,1630.72944,9.648959999999988,2,20
169.9,1631.67888,9.560639999999921,2,20
170.0,1632.6504,9.648959999999988,2,20
170.1,1633.62192,9.671039999999948,2,20
170.2,1634.61552,9.626879999999801,2,20
170.3,1635.5208,9.648959999999988,2,20
170.4,1636.53648,9.626880000000028,2,20
170.5,1637.508,9.648959999999988,2,20
170.6,1638.45744,9.604800000000068,2,20
170.7,1639.42896,9.648959999999988,2,20
170.8,1640.35632,9.582719999999881,2,20
170.9,1641.32784,9.648959999999988,2,20
171.0,1642.2552,9.604800000000068,2,20
171.1,1643.27088,9.560639999999921,2,20
171.2,1644.19824,9.604800000000068,2,20
171.3,1645.16976,9.626880000000028,2,20
171.4,1646.14128,9.604799999999841,2,20
171.5,1647.06864,9.604800000000068,2,20
171.6,1648.06224,9.671039999999948,2,20
171.7,1649.05584,9.604800000000068,2,20
171.8,1649.96112,9.671039999999948,2,20
171.9,1650.93264,9.648959999999988,2,20
172.0,1651.92624,9.626880000000028,2,20
172.1,1652.87568,9.671039999999948,2,20
172.2,1653.86928,9.648959999999988,2,20
172.3,1654.81872,9.604800000000068,2,20
172.4,1655.76816,9.626880000000028,2,20
172.5,1656.73968,9.648959999999988,2,20
172.6,1657.7112,9.604800000000068,2,20
172.7,1658.66064,9.626879999999801,2,20
172.8,1659.588,9.604800000000068,2,20
172.9,1660.5816,9.604800000000068,2,20
173.0,1661.53104,9.582719999999881,2,20
173.1,1662.50256,9.626880000000028,2,20
173.2,1663.47408,9.560640000000149,2,20
173.3,1664.42352,9.626880000000028,2,20
173.4,1665.35088,9.671039999999948,2,20
173.5,1666.36656,9.604800000000068,2,20
173.6,1667.27184,9.626880000000028,2,20
173.7,1668.28752,9.648959999999988,2,20
173.8,1669.25904,9.626880000000028,2,20
173.9,1670.1864,9.626880000000028,2,20
174.0,1671.15792,9.648959999999988,2,20
174.1,1672.15152,9.604800000000068,2,20
174.2,1673.10096,9.626879999999801,2,20
174.3,1674.0504,9.604799999999841,2,20
174.4,1674.99984,9.582720000000108,2,20
174.5,1675.97136,9.626880000000028,2,20
174.6,1676.89872,9.626879999999801,2,20
174.7,1677.89232,9.560640000000149,2,20
174.8,1678.84176,9.626880000000028,2,20
174.9,1679.81328,9.648959999999988,2,20
175.0,1680.7848,9.648959999999988,2,20
175.1,1681.71216,9.648959999999988,2,20
175.2,1682.72784,9.626880000000028,2,20
175.3,1683.69936,9.626880000000028,2,20
175.4,1684.6488,9.671039999999948,2,20
175.5,1685.62032,9.648959999999988,2,20
175.6,1686.5256,9.648959999999988,2,20
175.7,1687.5192,9.648959999999988,2,20
175.8,1688.5128,9.626880000000028,2,20
175.9,1689.46224,9.39503999999988,2,20
176.0,1690.43376,9.328800000000001,2,20
176.1,1691.36112,9.593759999999975,2,20
176.2,1692.35472,9.637920000000122,2,20
176.3,1693.0944,9.637920000000122,2,20
176.4,1693.9776,9.593759999999975,2,20
176.5,1695.21408,9.593759999999975,2,20
176.6,1696.16352,9.571680000000015,2,20
176.7,1697.15712,9.660000000000082,2,20
176.8,1698.10656,9.593759999999975,2,20
176.9,1699.056,9.847680000000082,2,20
177.0,1700.00544,9.913919999999962,2,20
177.1,1701.02112,9.604800000000068,2,20
177.2,1701.94848,9.671039999999948,2,20
177.3,1702.94208,9.604799999999841,2,20
177.4,1703.89152,9.626880000000028,2,20
177.5,1704.81888,9.626880000000028,2,20
177.6,1705.83456,9.626880000000028,2,20
177.7,1706.76192,9.582719999999881,2,20
177.8,1707.73344,9.626880000000028,2,20
177.9,1708.68288,9.626880000000028,2,20
178.0,1709.63232,9.604800000000068,2,20
178.1,1710.60384,9.648959999999988,2,20
178.2,1711.57536,9.582719999999881,2,20
178.3,1712.56896,9.626880000000028,2,20
178.4,1713.49632,9.648959999999988,2,20
178.5,1714.46784,9.648959999999988,2,20
178.6,1715.41728,9.671040000000175,2,20
178.7,1716.3888,9.604800000000068,2,20
178.8,1717.3824,9.648959999999988,2,20
178.9,1718.33184,9.626880000000028,2,20
179.0,1719.30336,9.626880000000028,2,20
179.1,1720.20864,9.648959999999988,2,20
179.2,1721.22432,9.626880000000028,2,20
179.3,1722.19584,9.648959999999988,2,20
179.4,1723.1232,9.560640000000149,2,20
179.5,1724.1168,9.626880000000028,2,20
179.6,1725.04416,9.604799999999841,2,20
179.7,1726.03776,9.648959999999988,2,20
179.8,1726.94304,9.604800000000068,2,20
179.9,1727.95872,9.604799999999841,2,20
180.0,1728.90816,9.648959999999988,2,20
180.1,1729.8576,9.626880000000028,2,20
180.2,1730.82912,9.626880000000028,2,20
180.3,1731.80064,9.582720000000108,2,20
180.4,1732.77216,9.626879999999801,2,20
180.5,1733.74368,9.582719999999881,2,20
180.6,1734.67104,9.626880000000028,2,20
180.7,1735.62048,9.626880000000028,2,20
180.8,1736.56992,9.604799999999841,2,20
180.9,1737.54144,9.626880000000028,2,20
181.0,1738.53504,9.604800000000068,2,20
181.1,1739.48448,9.604800000000068,2,20
181.2,1740.43392,9.626880000000028,2,20
181.3,1741.42752,9.648959999999988,2,20
181.4,1742.37696,9.648959999999988,2,20
181.5,1743.34848,9.648959999999988,2,20
181.6,1744.29792,9.604800000000068,2,20
181.7,1745.26944,9.604799999999841,2,20
181.8,1746.21888,9.648959999999988,2,20
181.9,1747.1904,9.626880000000028,2,20
182.0,1748.13984,9.582719999999881,2,20
182.1,1749.08928,9.604799999999841,2,20
182.2,1750.08288,9.626880000000028,2,20
182.3,1751.0544,9.626880000000028,2,20
182.4,1751.95968,9.604800000000068,2,20
182.5,1752.95328,9.626880000000028,2,20
182.6,1753.9248,9.626880000000028,2,20
182.7,1754.89632,9.671040000000175,2,20
182.8,1755.82368,9.626880000000028,2,20
182.9,1756.81728,9.604800000000068,2,20
183.0,1757.76672,9.671040000000175,2,20
183.1,1758.76032,9.626880000000028,2,20
183.2,1759.70976,9.604800000000068,2,20
183.3,1760.6592,9.582719999999881,2,20
183.4,1761.63072,9.626880000000028,2,20
183.5,1762.58016,9.582720000000108,2,20
183.6,1763.5296,9.648959999999988,2,20
183.7,1764.47904,9.626879999999801,2,20
183.8,1765.45056,9.604800000000068,2,20
183.9,1766.4,9.604799999999841,2,20
184.0,1767.41568,9.626879999999801,2,20
184.1,1768.3872,8.93136000000004,2,20
184.2,1769.31456,9.659999999999854,2,20
184.3,1770.264,9.637920000000122,2,20
184.4,1771.2576,9.637919999999895,2,20
184.5,1771.51152,9.637919999999895,2,20
184.6,1773.1896,9.615839999999935,2,20
184.7,1774.11696,9.615840000000162,2,20
184.8,1775.08848,9.615839999999935,2,20
184.9,1776.03792,9.637920000000122,2,20
185.0,1777.03152,9.615840000000162,2,20
185.1,1778.00304,10.289279999999962,2,20
185.2,1778.9304,9.626880000000028,2,20
185.3,1779.90192,9.626880000000028,2,20
185.4,1780.87344,9.604800000000068,2,20
185.5,1781.8008,9.671039999999948,2,20
185.6,1782.81648,9.626880000000028,2,20
185.7,1783.74384,9.582719999999881,2,20
185.8,1784.69328,9.648959999999988,2,20
185.9,1785.70896,9.626880000000028,2,20
186.0,1786.6584,9.582719999999881,2,20
186.1,1787.58576,9.626880000000028,2,20
186.2,1788.57936,9.582720000000108,2,20
186.3,1789.5288,9.604799999999841,2,20
186.4,1790.45616,9.626880000000028,2,20
186.5,1791.42768,9.604800000000068,2,20
186.6,1792.3992,9.582719999999881,2,20
186.7,1793.34864,9.671040000000175,2,20
186.8,1794.32016,9.604800000000068,2,20
186.9,1795.31376,9.626880000000028,2,20
187.0,1796.24112,9.671039999999948,2,20
187.1,1797.2568,9.671039999999948,2,20
187.2,1798.18416,9.626880000000028,2,20
187.3,1799.15568,9.671040000000175,2,20
187.4,1800.1272,9.626880000000028,2,20
187.5,1801.09872,9.582720000000108,2,20
187.6,1802.02608,9.648959999999988,2,20
187.7,1803.01968,9.604799999999841,2,20
187.8,1803.94704,9.626880000000028,2,20
187.9,1804.89648,9.648959999999988,2,20
188.0,1805.89008,9.582720000000108,2,20
188.1,1806.8616,9.604800000000068,2,20
188.2,1807.81104,9.604799999999841,2,20
188.3,1808.80464,9.582719999999881,2,20
188.4,1809.70992,9.648959999999988,2,20
188.5,1810.70352,9.626879999999801,2,20
188.6,1811.63088,9.648960000000216,2,20
188.7,1812.6024,9.582720000000108,2,20
188.8,1813.596,9.648959999999988,2,20
188.9,1814.52336,9.604799999999841,2,20
189.0,1815.53904,9.648959999999988,2,20
189.1,1816.44432,9.604800000000068,2,20
189.2,1817.46,9.671040000000175,2,20
189.3,1818.40944,9.648959999999988,2,20
189.4,1819.35888,9.582720000000108,2,20
189.5,1820.30832,9.648959999999988,2,20
189.6,1821.30192,9.582719999999881,2,20
189.7,1822.25136,9.671039999999948,2,20
189.8,1823.17872,9.560639999999921,2,20
189.9,1824.17232,9.626880000000028,2,20
190.0,1825.12176,9.648959999999988,2,20
190.1,1826.11536,9.648959999999988,2,20
190.2,1827.02064,9.604799999999841,2,20
190.3,1828.03632,9.604800000000068,2,20
190.4,1829.00784,9.648959999999988,2,20
190.5,1829.95728,9.626880000000028,2,20
190.6,1830.90672,9.626880000000028,2,20
190.7,1831.85616,9.582719999999881,2,20
190.8,1832.82768,9.648959999999988,2,20
190.9,1833.7992,9.626880000000028,2,20
191.0,1834.74864,9.604800000000068,2,20
191.1,1835.69808,9.604799999999841,2,20
191.2,1836.6696,9.626880000000028,2,20
191.3,1837.6632,9.648959999999988,2,20
191.4,1838.61264,9.626879999999801,2,20
191.5,1839.56208,9.648959999999988,2,20
191.6,1840.5336,9.648959999999988,2,20
191.7,1841.50512,9.648960000000216,2,20
191.8,1842.45456,9.604800000000068,2,20
191.9,1843.44816,9.582720000000108,2,20
192.0,1844.3976,9.604799999999841,2,20
192.1,1845.34704,9.328800000000001,2,20
192.2,1846.2744,9.593759999999975,2,20
192.3,1847.24592,9.637919999999895,2,20
192.4,1848.21744,9.615840000000162,2,20
192.5,1848.89088,9.571680000000015,2,20
192.6,1850.12736,9.593759999999975,2,20
192.7,1851.14304,9.615839999999935,2,20
192.8,1852.0704,9.682080000000042,2,20
192.9,1853.01984,9.659999999999854,2,20
193.0,1853.99136,9.660000000000082,2,20
193.1,1854.96288,9.891840000000002,2,20
193.2,1855.95648,9.626880000000028,2,20
193.3,1856.90592,9.582720000000108,2,20
193.4,1857.87744,9.648959999999988,2,20
193.5,1858.78272,9.648959999999988,2,20
193.6,1859.75424,9.648959999999988,2,20
193.7,1860.72576,9.648959999999988,2,20
193.8,1861.71936,9.560639999999921,2,20
193.9,1862.6688,9.582720000000108,2,20
194.0,1863.64032,9.604800000000068,2,20
194.1,1864.61184,9.648959999999988,2,20
194.2,1865.51712,9.671039999999948,2,20
194.3,1866.48864,9.648959999999988,2,20
194.4,1867.48224,9.626880000000028,2,20
194.5,1868.43168,9.604800000000068,2,20
194.6,1869.42528,9.604800000000068,2,20
194.7,1870.37472,9.626880000000028,2,20
194.8,1871.34624,9.648959999999988,2,20
194.9,1872.2736,9.648959999999988,2,20
195.0,1873.24512,9.648959999999988,2,20
195.1,1874.23872,9.626880000000028,2,20
195.2,1875.16608,9.604800000000068,2,20
195.3,1876.1376,9.582719999999881,2,20
195.4,1877.1312,9.582719999999881,2,20
195.5,1878.05856,9.626880000000028,2,20
195.6,1879.03008,9.626880000000028,2,20
195.7,1879.95744,9.626880000000028,2,20
195.8,1880.92896,9.648959999999988,2,20
195.9,1881.90048,9.626880000000028,2,20
196.0,1882.872,9.560639999999921,2,20
196.1,1883.8656,9.626880000000028,2,20
196.2,1884.81504,9.648959999999988,2,20
196.3,1885.76448,9.648959999999988,2,20
196.4,1886.69184,9.671039999999948,2,20
196.5,1887.68544,9.648959999999988,2,20
196.6,1888.67904,9.648959999999988,2,20
196.7,1889.6064,9.626879999999801,2,20
196.8,1890.6,9.604800000000068,2,20
196.9,1891.54944,9.604799999999841,2,20
197.0,1892.52096,9.648959999999988,2,20
197.1,1893.49248,9.626880000000028,2,20
197.2,1894.41984,9.582720000000108,2,20
197.3,1895.36928,9.626880000000028,2,20
197.4,1896.3408,9.560640000000149,2,20
197.5,1897.31232,9.626880000000028,2,20
197.6,1898.26176,9.626880000000028,2,20
197.7,1899.23328,9.604800000000068,2,20
197.8,1900.16064,9.604800000000068,2,20
197.9,1901.17632,9.626880000000028,2,20
198.0,1902.14784,9.626880000000028,2,20
198.1,1903.09728,9.582720000000108,2,20
198.2,1904.02464,9.648959999999988,2,20
198.3,1904.99616,9.648959999999988,2,20
198.4,1905.96768,9.671039999999948,2,20
198.5,1906.89504,9.626880000000028,2,20
198.6,1907.91072,9.626879999999801,2,20
198.7,1908.88224,9.582720000000108,2,20
198.8,1909.83168,9.626879999999801,2,20
198.9,1910.8032,9.604800000000068,2,20
199.0,1911.77472,9.604800000000068,2,20
199.1,1912.68,9.648959999999988,2,20
199.2,1913.65152,9.582719999999881,2,20
199.3,1914.60096,9.582720000000108,2,20
199.4,1915.57248,9.604800000000068,2,20
199.5,1916.544,9.582719999999881,2,20
199.6,1917.49344,8.611200000000053,2,20
199.7,1918.46496,7.705919999999878,2,20
199.8,1919.43648,6.734400000000051,2,20
199.9,1920.38592,5.7849599999999555,2,20
200.0,1920.38592,4.8134399999999005,0,0
